Ürün Adı,Fiyat,Etkin Piksel,Video Çözünürlüğü,Çıkış Yılı,Teknik Puan,Link
Fujifilm GFX 50S 63mm,,51 MP,Full HD,2017 ,76,https://www.epey.com/aynasiz-fotograf-makinesi/fujifilm-gfx-50s-63mm.html
Fujifilm GFX 50S 120mm,,51 MP,Full HD,2017 ,76,https://www.epey.com/aynasiz-fotograf-makinesi/fujifilm-gfx-50s-120mm.html
Fujifilm GFX 50S 110mm,,51 MP,Full HD,2017 ,76,https://www.epey.com/aynasiz-fotograf-makinesi/fujifilm-gfx-50s-110mm.html
Fujifilm X-T30 50mm,,26 MP,4K,2019 ,76,https://www.epey.com/aynasiz-fotograf-makinesi/fujifilm-x-t30-50mm.html
Fujifilm X-T30 23mm,,26 MP,4K,2019 ,76,https://www.epey.com/aynasiz-fotograf-makinesi/fujifilm-x-t30-23mm.html
Fujifilm X-T30 35mm,,26 MP,4K,2019 ,76,https://www.epey.com/aynasiz-fotograf-makinesi/fujifilm-x-t30-35mm.html
Fujifilm GFX 50S,,51 MP,Full HD,2017 ,75,https://www.epey.com/aynasiz-fotograf-makinesi/fujifilm-gfx-50s.html
Fujifilm X-H1,,24 MP,4K,2018 ,75,https://www.epey.com/aynasiz-fotograf-makinesi/fujifilm-x-h1.html
Pentax 645Z,,51 MP,Full HD,2014 ,75,https://www.epey.com/dslr-fotograf-makinesi/pentax-645z.html
Pentax K-1,,36 MP,Full HD,2016 ,74,https://www.epey.com/dslr-fotograf-makinesi/pentax-k-1.html
Canon EOS 850D,,24 MP,Ultra HD,2020 ,74,https://www.epey.com/dslr-fotograf-makinesi/canon-eos-850d.html
Canon EOS M50 55-200mm,,24 MP,Ultra HD,2018 ,74,https://www.epey.com/aynasiz-fotograf-makinesi/canon-eos-m50-55-200mm.html
Canon EOS M50,,24 MP,Ultra HD,2018 ,73,https://www.epey.com/aynasiz-fotograf-makinesi/canon-eos-m50.html
Canon EOS M50 Mark II,,24 MP,Ultra HD,2020 ,73,https://www.epey.com/aynasiz-fotograf-makinesi/canon-eos-m50-mark-ii.html
Canon EOS 250D,,24 MP,Ultra HD,2019 ,73,https://www.epey.com/dslr-fotograf-makinesi/canon-eos-250d.html
Panasonic Lumix G90H,,20 MP,Ultra HD,2019 ,72,https://www.epey.com/aynasiz-fotograf-makinesi/panasonic-lumix-g90h.html
Sony DSC-RX1R II,,42 MP,Full HD,2015 ,72,https://www.epey.com/kompakt-fotograf-makinesi/sony-dsc-rx1r-ii.html
Panasonic Lumix G90M,,20 MP,Ultra HD,2019 ,72,https://www.epey.com/aynasiz-fotograf-makinesi/panasonic-lumix-g90m.html
Sony A7S II 35mm,,12 MP,Full HD,2016 ,72,https://www.epey.com/aynasiz-fotograf-makinesi/sony-a7s-ii-35mm.html
Sony A7S II 24-70mm,,12 MP,Full HD,2016 ,71,https://www.epey.com/aynasiz-fotograf-makinesi/sony-a7s-ii-24-70mm.html
Canon EOS M6 Mark II 18-150mm,,32 MP,Ultra HD,2019 ,71,https://www.epey.com/aynasiz-fotograf-makinesi/canon-eos-m6-mark-ii-18-150mm.html
Canon EOS M200,,24 MP,Ultra HD,2019 ,71,https://www.epey.com/aynasiz-fotograf-makinesi/canon-eos-m200.html
Panasonic Lumix G90,,20 MP,Ultra HD,2019 ,71,https://www.epey.com/aynasiz-fotograf-makinesi/panasonic-lumix-g90.html
Canon EOS M6 Mark II,,32 MP,Ultra HD,2019 ,71,https://www.epey.com/aynasiz-fotograf-makinesi/canon-eos-m6-mark-ii.html
Nikon D750 16-28mm,,24 MP,Full HD,2015 ,70,https://www.epey.com/dslr-fotograf-makinesi/nikon-d750-16-28mm.html
Fujifilm X-E4 27mm,,26 MP,-,2021 ,70,https://www.epey.com/aynasiz-fotograf-makinesi/fujifilm-x-e4-27mm.html
Nikon D750 24-120mm,,24 MP,Full HD,2015 ,70,https://www.epey.com/dslr-fotograf-makinesi/nikon-d750-24-120mm.html
Nikon D750 24-70mm,,24 MP,Full HD,2015 ,70,https://www.epey.com/dslr-fotograf-makinesi/nikon-d750-24-70mm.html
Nikon D750 24-85mm,,24 MP,Full HD,2015 ,70,https://www.epey.com/dslr-fotograf-makinesi/nikon-d750-24-85mm.html
Canon EOS-1D X,,18 MP,Full HD,2012 ,69,https://www.epey.com/dslr-fotograf-makinesi/canon-eos-1d-x.html
Canon EOS 5DS R 24-105mm,,50 MP,Full HD,2015 ,69,https://www.epey.com/dslr-fotograf-makinesi/canon-eos-5ds-r-24-105mm.html
Nikon D810A,,36 MP,Full HD,2015 ,69,https://www.epey.com/dslr-fotograf-makinesi/nikon-d810a.html
Canon EOS 5DS R 24-70mm,,50 MP,Full HD,2015 ,69,https://www.epey.com/dslr-fotograf-makinesi/canon-eos-5ds-r-24-70mm.html
Canon EOS 77D 18-200m,,24 MP,Full HD,2017 ,69,https://www.epey.com/dslr-fotograf-makinesi/canon-eos-77d-18-200m.html
Canon EOS 77D 24-105mm,,24 MP,Full HD,2017 ,69,https://www.epey.com/dslr-fotograf-makinesi/canon-eos-77d-24-105mm.html
Canon EOS 77D 70-300mm,,24 MP,Full HD,2017 ,69,https://www.epey.com/dslr-fotograf-makinesi/canon-eos-77d-70-300mm.html
Canon EOS 77D 24-70mm,,24 MP,Full HD,2017 ,69,https://www.epey.com/dslr-fotograf-makinesi/canon-eos-77d-24-70mm.html
Canon EOS 77D 11-16mm,,24 MP,Full HD,2017 ,69,https://www.epey.com/dslr-fotograf-makinesi/canon-eos-77d-11-16mm.html
Canon EOS 77D 55-250mm,,24 MP,Full HD,2017 ,69,https://www.epey.com/dslr-fotograf-makinesi/canon-eos-77d-55-250mm.html
Canon EOS 5DS R,,50 MP,Full HD,2015 ,69,https://www.epey.com/dslr-fotograf-makinesi/canon-eos-5ds-r.html
Sony A6300 18-105mm,,24 MP,Ultra HD,2016 ,68,https://www.epey.com/aynasiz-fotograf-makinesi/sony-a6300-18-105-mm.html
Sony A6300 16-50mm,,24 MP,Ultra HD,2016 ,68,https://www.epey.com/aynasiz-fotograf-makinesi/sony-a6300-16-50mm.html
Sony ZV-1 Vlogger Kit,,20 MP,Ultra HD,2020 ,68,https://www.epey.com/kompakt-fotograf-makinesi/sony-zv-1-vlogger-kit.html
Sony A6300,,24 MP,Ultra HD,2016 ,68,https://www.epey.com/aynasiz-fotograf-makinesi/sony-a6300.html
Nikon D810 24-70mm,,36 MP,Full HD,2014 ,68,https://www.epey.com/dslr-fotograf-makinesi/nikon-d810-24-70mm.html
Nikon D810 24-85mm,,36 MP,Full HD,2014 ,68,https://www.epey.com/dslr-fotograf-makinesi/nikon-d810-24-85mm.html
Nikon D810 16-28mm,,36 MP,Full HD,2014 ,68,https://www.epey.com/dslr-fotograf-makinesi/nikon-d810-16-28mm.html
Panasonic DC-GX9,,20 MP,Ultra HD,2018 ,68,https://www.epey.com/aynasiz-fotograf-makinesi/panasonic-dc-gx9.html
Fujifilm X-Pro2 23mm,,24 MP,Ultra HD,2016 ,68,https://www.epey.com/aynasiz-fotograf-makinesi/fujifilm-x-pro2-23mm.html
Canon EOS 5D Mark III 24-70mm,,22 MP,Full HD,2012 ,67,https://www.epey.com/dslr-fotograf-makinesi/canon-eos-5d-mark-iii-24-70mm.html
Sony ZV-E10,7808.5,24 MP,Ultra HD,2021 ,70,https://www.epey.com/aynasiz-fotograf-makinesi/sony-zv-e10.html
Fujifilm X-E4,7499.0,26 MP,-,2021 ,70,https://www.epey.com/aynasiz-fotograf-makinesi/fujifilm-x-e4.html
Nikon D750,14500.0,24 MP,Full HD,2015 ,70,https://www.epey.com/dslr-fotograf-makinesi/nikon-d750.html
Olympus OM-D E-M1 Mark II,11639.03,20 MP,4K,2016 ,69,https://www.epey.com/aynasiz-fotograf-makinesi/olympus-om-d-e-m1-mark-ii.html
Canon EOS 77D 18-135mm,10956.54,24 MP,Full HD,2017 ,69,https://www.epey.com/dslr-fotograf-makinesi/canon-eos-77d-18-135mm.html
Canon EOS 77D 18-55mm,9398.12,24 MP,Full HD,2017 ,69,https://www.epey.com/dslr-fotograf-makinesi/canon-eos-77d-18-55mm.html
Canon PowerShot G1 X Mark III,13953.12,24 MP,Full HD,2017 ,69,https://www.epey.com/kompakt-fotograf-makinesi/canon-powershot-g1-x-mark-iii.html
Sony A7 II 28-70mm,14549.03,24 MP,Full HD,2015 ,69,https://www.epey.com/aynasiz-fotograf-makinesi/sony-a7-ii-28-70mm.html
Sony RX100 VA,8685.37,20 MP,Ultra HD,2018 ,68,https://www.epey.com/kompakt-fotograf-makinesi/sony-rx100-va.html
Sony DSC-RX100 V,7249.0,20 MP,Ultra HD,2016 ,68,https://www.epey.com/kompakt-fotograf-makinesi/sony-dsc-rx100-v.html
Sony DSC-RX10 IV,17999.0,20 MP,Ultra HD,2017 ,68,https://www.epey.com/kompakt-fotograf-makinesi/sony-dsc-rx10-iv.html
Sony A7 II,11889.12,24 MP,Full HD,2015 ,68,https://www.epey.com/aynasiz-fotograf-makinesi/sony-a7-ii.html
Sony ZV-1,7401.64,20 MP,Ultra HD,2020 ,68,https://www.epey.com/kompakt-fotograf-makinesi/sony-zv-1.html
Canon EOS 77D,9316.04,24 MP,Full HD,2017 ,68,https://www.epey.com/dslr-fotograf-makinesi/canon-eos-77d.html
Nikon D810 24-120mm,32614.2,36 MP,Full HD,2014 ,68,https://www.epey.com/dslr-fotograf-makinesi/nikon-d810-24-120mm.html
Panasonic Lumix FZ1000,8222.62,20 MP,Ultra HD,2014 ,68,https://www.epey.com/kompakt-fotograf-makinesi/panasonic-lumix-fz1000.html
Nikon D810,21619.06,36 MP,Full HD,2014 ,68,https://www.epey.com/dslr-fotograf-makinesi/nikon-d810.html
Canon EOS 5D Mark III 24-105mm,22435.0,22 MP,Full HD,2012 ,67,https://www.epey.com/dslr-fotograf-makinesi/canon-eos-5d-mark-iii-24-105mm.html
Sony HX99,6262.78,18 MP,Ultra HD,2018 ,67,https://www.epey.com/kompakt-fotograf-makinesi/sony-hx99.html
Nikon Coolpix P950,10629.93,16 MP,Ultra HD,2020 ,67,https://www.epey.com/kompakt-fotograf-makinesi/nikon-coolpix-p950.html
Canon EOS 5D Mark III,16919.06,22 MP,Full HD,2012 ,67,https://www.epey.com/dslr-fotograf-makinesi/canon-eos-5d-mark-iii.html
Canon EOS 200D 18-135mm,7520.0,24 MP,Full HD,2017 ,66,https://www.epey.com/dslr-fotograf-makinesi/canon-eos-200d-18-135mm.html
Canon EOS 200D 18-55mm,5637.18,24 MP,Full HD,2017 ,66,https://www.epey.com/dslr-fotograf-makinesi/canon-eos-200d-18-55mm.html
Nikon D5600 70-300m,10166.0,24 MP,Full HD,2017 ,66,https://www.epey.com/dslr-fotograf-makinesi/nikon-d5600-70-300m.html
Panasonic Lumix DC-LX100 II,10778.57,17 MP,Ultra HD,2018 ,66,https://www.epey.com/kompakt-fotograf-makinesi/panasonic-lumix-dc-lx100-ii.html
Canon EOS 5DS,23500.0,50 MP,Full HD,2015 ,66,https://www.epey.com/dslr-fotograf-makinesi/canon-eos-5ds.html
Nikon D5600 18-140mm,8866.99,24 MP,Full HD,2017 ,66,https://www.epey.com/dslr-fotograf-makinesi/nikon-d5600-18-140mm.html
Nikon D5600 18-55mm,6748.15,24 MP,Full HD,2017 ,66,https://www.epey.com/dslr-fotograf-makinesi/nikon-d5600-18-55mm.html
Canon EOS 800D 18-135mm,10666.0,24 MP,Full HD,2017 ,65,https://www.epey.com/dslr-fotograf-makinesi/canon-eos-800d-18-135mm.html
Canon EOS 800D 18-55mm,7519.06,24 MP,Full HD,2017 ,65,https://www.epey.com/dslr-fotograf-makinesi/canon-eos-800d-18-55mm.html
Canon EOS 6D 24-105mm,18144.0,20 MP,Full HD,2012 ,65,https://www.epey.com/dslr-fotograf-makinesi/canon-eos-6d-24-105mm.html
Canon EOS 80D 18-135mm,11810.54,24 MP,Full HD,2016 ,65,https://www.epey.com/dslr-fotograf-makinesi/canon-eos-80d-18-135mm.html
Canon EOS 80D 18-55mm,10809.06,24 MP,Full HD,2016 ,65,https://www.epey.com/dslr-fotograf-makinesi/canon-eos-80d-18-55mm.html
Canon EOS 7D Mark II 18-135mm,14844.0,20 MP,Full HD,2014 ,65,https://www.epey.com/dslr-fotograf-makinesi/canon-eos-7d-mark-ii-18-135mm.html
Canon EOS 6D,9776.0,20 MP,Full HD,2012 ,65,https://www.epey.com/dslr-fotograf-makinesi/canon-eos-6d.html
Nikon D610 24-120mm,20679.06,24 MP,Full HD,2014 ,65,https://www.epey.com/dslr-fotograf-makinesi/nikon-d610-24-120mm.html
Nikon Coolpix P1000,12555.0,16 MP,Ultra HD,2018 ,65,https://www.epey.com/kompakt-fotograf-makinesi/nikon-coolpix-p1000.html
Canon EOS 80D,9588.0,24 MP,Full HD,2016 ,64,https://www.epey.com/dslr-fotograf-makinesi/canon-eos-80d.html
Canon EOS 7D Mark II,11279.06,20 MP,Full HD,2014 ,64,https://www.epey.com/dslr-fotograf-makinesi/canon-eos-7d-mark-ii.html
Nikon D610,9399.06,24 MP,Full HD,2014 ,64,https://www.epey.com/dslr-fotograf-makinesi/nikon-d610.html
Olympus OM-D E-M10 Mark III 14-42mm,5538.0,16 MP,Ultra HD,2017 ,63,https://www.epey.com/aynasiz-fotograf-makinesi/olympus-om-d-e-m10-mark-iii-14-42.html
Canon PowerShot SX70 HS,7499.0,20 MP,Ultra HD,2018 ,63,https://www.epey.com/kompakt-fotograf-makinesi/canon-powershot-sx70-hs.html
Olympus OM-D E-M10 Mark III,4849.03,16 MP,Ultra HD,2017 ,63,https://www.epey.com/aynasiz-fotograf-makinesi/olympus-om-d-e-m10-mark-iii.html
Panasonic Lumix FZ2000,10736.56,20 MP,-,2016 ,62,https://www.epey.com/kompakt-fotograf-makinesi/panasonic-lumix-fz2000.html
Sony DSC-RX10 III,13648.95,20 MP,Ultra HD,2016 ,62,https://www.epey.com/kompakt-fotograf-makinesi/sony-dsc-rx10-iii.html
Canon PowerShot SX740 HS,5451.06,20 MP,Ultra HD,2018 ,62,https://www.epey.com/kompakt-fotograf-makinesi/canon-powershot-sx740-hs.html
Canon EOS M5 15-45mm,6109.06,24 MP,Full HD,2016 ,61,https://www.epey.com/aynasiz-fotograf-makinesi/canon-eos-m5-15-45mm.html
Canon EOS 750D 18-135mm,8272.0,24 MP,Full HD,2015 ,61,https://www.epey.com/dslr-fotograf-makinesi/canon-eos-750d-18-135mm.html
Canon EOS 750D 18-55mm,5927.0,24 MP,Full HD,2015 ,61,https://www.epey.com/dslr-fotograf-makinesi/canon-eos-750d-18-55mm.html
Canon EOS M5,5388.0,24 MP,Full HD,2016 ,61,https://www.epey.com/aynasiz-fotograf-makinesi/canon-eos-m5.html
Nikon D5,,20 MP,4K,2016 ,89,https://www.epey.com/dslr-fotograf-makinesi/nikon-d5.html
Panasonic LUMIX S1RM,,47 MP,Ultra HD,2019 ,88,https://www.epey.com/aynasiz-fotograf-makinesi/panasonic-lumix-s1rm.html
Nikon D850 16-28mm,,45 MP,Ultra HD,2017 ,87,https://www.epey.com/dslr-fotograf-makinesi/nikon-d850-16-28mm.html
Nikon D850 24-70mm,,45 MP,Ultra HD,2017 ,87,https://www.epey.com/dslr-fotograf-makinesi/nikon-d850-24-70mm.html
Panasonic LUMIX S1R,,47 MP,Ultra HD,2019 ,87,https://www.epey.com/aynasiz-fotograf-makinesi/panasonic-lumix-s1r.html
Nikon D850 24-85mm,,45 MP,Ultra HD,2017 ,87,https://www.epey.com/dslr-fotograf-makinesi/nikon-d850-24-85mm.html
Nikon D780,,24 MP,Ultra HD,2020 ,87,https://www.epey.com/dslr-fotograf-makinesi/nikon-d780.html
Panasonic LUMIX S1,,24 MP,Ultra HD,2019 ,87,https://www.epey.com/aynasiz-fotograf-makinesi/panasonic-lumix-s1.html
Canon EOS Ra,,30 MP,Ultra HD,2019 ,86,https://www.epey.com/aynasiz-fotograf-makinesi/canon-eos-ra.html
Nikon Z 6,,24 MP,Ultra HD,2018 ,86,https://www.epey.com/aynasiz-fotograf-makinesi/nikon-z-6.html
Canon EOS 5D Mark IV 24-70mm,,30 MP,4K,2016 ,85,https://www.epey.com/dslr-fotograf-makinesi/canon-eos-5d-mark-iv-24-70mm.html
Canon EOS 5D Mark IV 16-28mm,,30 MP,4K,2016 ,85,https://www.epey.com/dslr-fotograf-makinesi/canon-eos-5d-mark-iv-16-28mm.html
Canon EOS 6D Mark II 24-70mm,,26 MP,Full HD,2017 ,82,https://www.epey.com/dslr-fotograf-makinesi/canon-eos-6d-mark-ii-24-70mm.html
Canon EOS 6D Mark II 16-28mm,,26 MP,Full HD,2017 ,82,https://www.epey.com/dslr-fotograf-makinesi/canon-eos-6d-mark-ii-16-28mm.html
Panasonic Lumix S5 20-60mm,,24 MP,Ultra HD,2020 ,82,https://www.epey.com/aynasiz-fotograf-makinesi/panasonic-lumix-s5-20-60mm.html
Nikon Z5,,24 MP,Ultra HD,2020 ,82,https://www.epey.com/aynasiz-fotograf-makinesi/nikon-z-5.html
Panasonic Lumix S5,,24 MP,Ultra HD,2020 ,81,https://www.epey.com/aynasiz-fotograf-makinesi/panasonic-lumix-s5.html
Sony A99 II,,42 MP,Ultra HD,2016 ,79,https://www.epey.com/dslr-fotograf-makinesi/sony-a99-ii.html
Sony a6400 18-105mm,,24 MP,Ultra HD,2019 ,79,https://www.epey.com/aynasiz-fotograf-makinesi/sony-a6400-18-105mm.html
Sony A6500 18-105mm,,24 MP,Ultra HD,2016 ,79,https://www.epey.com/aynasiz-fotograf-makinesi/sony-a6500-18-105mm.html
Canon EOS 90D 18-55mm,,32 MP,Ultra HD,2019 ,79,https://www.epey.com/dslr-fotograf-makinesi/canon-eos-90d-18-55mm.html
Sony A6500 16-50mm,,24 MP,Ultra HD,2016 ,79,https://www.epey.com/aynasiz-fotograf-makinesi/sony-a6500-16-50mm.html
Nikon D500 70-300mm,,20 MP,Ultra HD,2016 ,79,https://www.epey.com/dslr-fotograf-makinesi/nikon-d500-70-300mm.html
Nikon D500 24-70mm,,20 MP,Ultra HD,2016 ,79,https://www.epey.com/dslr-fotograf-makinesi/nikon-d500-24-70mm.html
Nikon D500 16-28mm,,20 MP,Ultra HD,2016 ,79,https://www.epey.com/dslr-fotograf-makinesi/nikon-d500-16-28mm.html
Sony A6500,,24 MP,Ultra HD,2016 ,78,https://www.epey.com/aynasiz-fotograf-makinesi/sony-a6500.html
Nikon D500 18-300mm,,20 MP,Ultra HD,2016 ,78,https://www.epey.com/dslr-fotograf-makinesi/nikon-d500-18-300mm.html
Nikon D500 18-200mm,,20 MP,Ultra HD,2016 ,78,https://www.epey.com/dslr-fotograf-makinesi/nikon-d500-18-200mm.html
Sony A7R II 24-70mm,,42 MP,Ultra HD,2015 ,78,https://www.epey.com/aynasiz-fotograf-makinesi/sony-a7r-ii-24-70mm.html
Nikon D500 28-300mm,,20 MP,Ultra HD,2016 ,78,https://www.epey.com/dslr-fotograf-makinesi/nikon-d500-28-300mm.html
Sony A7R II 16-35mm,,42 MP,Ultra HD,2015 ,78,https://www.epey.com/aynasiz-fotograf-makinesi/sony-a7r-ii-16-35mm.html
Nikon D500 18-140mm,,20 MP,Ultra HD,2016 ,78,https://www.epey.com/dslr-fotograf-makinesi/nikon-d500-18-140mm.html
Nikon D500 16-80mm,,20 MP,Ultra HD,2016 ,78,https://www.epey.com/dslr-fotograf-makinesi/nikon-d500-16-80mm.html
Nikon D500 18-55mm,,20 MP,Ultra HD,2016 ,78,https://www.epey.com/dslr-fotograf-makinesi/nikon-d500-18-55mm.html
Nikon D500 24-85mm,,20 MP,Ultra HD,2016 ,78,https://www.epey.com/dslr-fotograf-makinesi/nikon-d500-24-85mm.html
Nikon D500 11-16mm,,20 MP,Ultra HD,2016 ,78,https://www.epey.com/dslr-fotograf-makinesi/nikon-d500-11-16mm.html
Fujifilm GFX 50R 32-64mm,,51 MP,Full HD,2018 ,78,https://www.epey.com/aynasiz-fotograf-makinesi/fujifilm-gfx-50r-32-64mm.html
Nikon D500,,20 MP,Ultra HD,2016 ,78,https://www.epey.com/dslr-fotograf-makinesi/nikon-d500.html
Panasonic Lumix G9 12-60mm,,20 MP,Ultra HD,2017 ,78,https://www.epey.com/aynasiz-fotograf-makinesi/panasonic-lumix-g9-12-60mm.html
Fujifilm GFX 50R 63mm,,51 MP,Full HD,2018 ,78,https://www.epey.com/aynasiz-fotograf-makinesi/fujifilm-gfx-50r-63mm.html
Fujifilm GFX 50R 45mm,,51 MP,Full HD,2018 ,78,https://www.epey.com/aynasiz-fotograf-makinesi/fujifilm-gfx-50r-45mm.html
Sony a6100 55-210mm,,24 MP,Ultra HD,2019 ,77,https://www.epey.com/aynasiz-fotograf-makinesi/sony-a6100-55-210mm.html
Nikon D7500 18-200mm,,20 MP,Ultra HD,2017 ,77,https://www.epey.com/dslr-fotograf-makinesi/nikon-d7500-18-200mm.html
Nikon D7500 70-300mm,,20 MP,Ultra HD,2017 ,77,https://www.epey.com/dslr-fotograf-makinesi/nikon-d7500-70-300mm.html
Nikon D7500 11-16mm,,20 MP,Ultra HD,2017 ,77,https://www.epey.com/dslr-fotograf-makinesi/nikon-d7500-11-16mm.html
Fujifilm GFX 50S 32-64mm,,51 MP,Full HD,2017 ,76,https://www.epey.com/aynasiz-fotograf-makinesi/fujifilm-gfx-50s-32-64mm.html
Nikon D7500 18-105mm,,20 MP,Ultra HD,2017 ,76,https://www.epey.com/dslr-fotograf-makinesi/nikon-d7500-18-105mm.html
Sony a6100,,24 MP,Ultra HD,2019 ,76,https://www.epey.com/aynasiz-fotograf-makinesi/sony-a6100.html
Nikon D7500 18-55mm,,20 MP,Ultra HD,2017 ,76,https://www.epey.com/dslr-fotograf-makinesi/nikon-d7500-18-55mm.html
Fujifilm GFX 50S 45mm,,51 MP,Full HD,2017 ,76,https://www.epey.com/aynasiz-fotograf-makinesi/fujifilm-gfx-50s-45mm.html
Nikon D3300,3388.0,24 MP,Full HD,2014 ,52,https://www.epey.com/dslr-fotograf-makinesi/nikon-d3300.html
Nikon D5200 18-55mm,4063.99,24 MP,Full HD,2013 ,52,https://www.epey.com/dslr-fotograf-makinesi/nikon-d5200-18-55mm.html
Nikon D3300 18-55mm,3324.78,24 MP,Full HD,2014 ,52,https://www.epey.com/dslr-fotograf-makinesi/nikon-d3300-18-55mm.html
Nikon D7100 18-140mm,10066.0,24 MP,Full HD,2013 ,51,https://www.epey.com/dslr-fotograf-makinesi/nikon-d7100-18-140mm.html
Nikon D7100 18-105mm,9400.0,24 MP,Full HD,2013 ,51,https://www.epey.com/dslr-fotograf-makinesi/nikon-d7100-18-105mm.html
Canon EOS 600D 18-55mm,3888.0,18 MP,Full HD,2011 ,51,https://www.epey.com/dslr-fotograf-makinesi/canon-eos-600d-18-55mm.html
Nikon D7100,8271.06,24 MP,Full HD,2013 ,51,https://www.epey.com/dslr-fotograf-makinesi/nikon-d7100.html
Canon EOS 60D 18-135mm,6775.0,18 MP,Full HD,2010 ,51,https://www.epey.com/dslr-fotograf-makinesi/canon-eos-60d-18-135mm.html
Nikon D3100 18-55mm,2914.0,14 MP,Full HD,2010 ,50,https://www.epey.com/dslr-fotograf-makinesi/nikon-d3100-18-55mm.html
Canon EOS 60D,13371.92,18 MP,Full HD,2010 ,50,https://www.epey.com/dslr-fotograf-makinesi/canon-eos-60d.html
Ricoh WG-6,3895.1,20 MP,Ultra HD,2019 ,49,https://www.epey.com/kompakt-fotograf-makinesi/ricoh-wg-6.html
Canon EOS 1200D 18-55mm,3096.9,18 MP,Full HD,2014 ,49,https://www.epey.com/dslr-fotograf-makinesi/canon-eos-1200d-18-55mm.html
Canon PowerShot SX540 HS,4135.06,20 MP,Full HD,2016 ,48,https://www.epey.com/kompakt-fotograf-makinesi/canon-powershot-sx540-hs.html
Canon PowerShot SX720 HS,4275.0,20 MP,Full HD,2016 ,47,https://www.epey.com/kompakt-fotograf-makinesi/canon-powershot-sx720-hs.html
Nikon Coolpix B700,7169.04,20 MP,Ultra HD,2016 ,47,https://www.epey.com/kompakt-fotograf-makinesi/nikon-coolpix-b700.html
Canon PowerShot SX710 HS,3971.6,20 MP,Full HD,2015 ,47,https://www.epey.com/kompakt-fotograf-makinesi/canon-powershot-sx710-hs.html
Nikon Coolpix W300,4888.0,16 MP,Ultra HD,2017 ,46,https://www.epey.com/kompakt-fotograf-makinesi/nikon-coolpix-w300.html
Kodak PIXPRO AZ901,7280.0,20 MP,Full HD,2018 ,45,https://www.epey.com/kompakt-fotograf-makinesi/kodak-pixpro-az901.html
Canon PowerShot D30,3867.28,12 MP,Full HD,2014 ,45,https://www.epey.com/kompakt-fotograf-makinesi/canon-powershot-d30.html
Canon PowerShot SX620 HS,3099.0,20 MP,Full HD,2016 ,44,https://www.epey.com/kompakt-fotograf-makinesi/canon-powershot-sx620-hs.html
Canon PowerShot Zoom,4999.0,12 MP,-,-,44,https://www.epey.com/kompakt-fotograf-makinesi/canon-powershot-zoom.html
Kodak Pixpro AZ651,4999.99,20 MP,-,2014 ,42,https://www.epey.com/kompakt-fotograf-makinesi/kodak-pixpro-az651.html
Kodak Pixpro WPZ2,2392.0,16 MP,Full HD,2019 ,42,https://www.epey.com/kompakt-fotograf-makinesi/kodak-pixpro-wpz2.html
Ricoh WG-60,3399.0,16 MP,Full HD,2018 ,40,https://www.epey.com/kompakt-fotograf-makinesi/ricoh-wg-60.html
Kodak PixPro AZ527,4792.0,20 MP,Full HD,2017 ,40,https://www.epey.com/kompakt-fotograf-makinesi/kodak-pixpro-az527.html
Sony DSC-W830,1449.0,20 MP,HD,2014 ,39,https://www.epey.com/kompakt-fotograf-makinesi/sony-dsc-w830.html
Canon IXUS 185,1349.0,20 MP,HD,2016 ,39,https://www.epey.com/kompakt-fotograf-makinesi/canon-ixus-185.html
Sony DSC-H300,2705.94,20 MP,HD,2014 ,39,https://www.epey.com/kompakt-fotograf-makinesi/sony-dsc-h300.html
Ricoh WG-70,3379.68,16 MP,-,-,38,https://www.epey.com/kompakt-fotograf-makinesi/ricoh-wg-70.html
Kodak Pixpro AZ528,3992.0,16 MP,Full HD,-,36,https://www.epey.com/kompakt-fotograf-makinesi/kodak-pixpro-az528.html
Kodak PixPro AZ422,3192.0,20 MP,HD,2015 ,33,https://www.epey.com/kompakt-fotograf-makinesi/kodak-pixpro-az422.html
Kodak PIXPRO AZ421,2935.5,16 MP,HD,2014 ,33,https://www.epey.com/kompakt-fotograf-makinesi/kodak-pixpro-az421.html
Kodak PIXPRO AZ252,2080.0,16 MP,HD,2015 ,32,https://www.epey.com/kompakt-fotograf-makinesi/kodak-pixpro-az252.html
Kodak PIXPRO AZ401,2552.0,16 MP,HD,2017 ,32,https://www.epey.com/kompakt-fotograf-makinesi/kodak-pixpro-az401.html
Kodak PIXPRO FZ201,1745.03,16 MP,HD,2015 ,30,https://www.epey.com/kompakt-fotograf-makinesi/kodak-pixpro-fz201.html
Kodak PIXPRO FZ152,1752.0,16 MP,HD,2016 ,30,https://www.epey.com/kompakt-fotograf-makinesi/kodak-pixpro-fz152.html
Kodak PIXPRO FZ53,1239.2,16 MP,HD,2016 ,30,https://www.epey.com/kompakt-fotograf-makinesi/kodak-pixpro-fz53.html
Kodak PIXPRO FZ43,1032.0,16 MP,HD,2016 ,30,https://www.epey.com/kompakt-fotograf-makinesi/kodak-pixpro-fz43.html
Kodak Pixpro FZ102,1810.9,16 MP,-,-,26,https://www.epey.com/kompakt-fotograf-makinesi/kodak-pixpro-fz102.html
Grundig GSC 100,580.0,10 MP,-,-,21,https://www.epey.com/kompakt-fotograf-makinesi/grundig-gsc-100.html
Praktica DCZ 10.4,486.0,10 MP,-,2010 ,14,https://www.epey.com/kompakt-fotograf-makinesi/praktica-dcz-10-4.html
Nikon Z9,,46 MP,8K UHD,2021 ,100,https://www.epey.com/aynasiz-fotograf-makinesi/nikon-z9.html
Sony Alpha 1 (a1),,50 MP,-,2021 ,95,https://www.epey.com/aynasiz-fotograf-makinesi/sony-alpha-1-a1.html
Sony a7R IV 24-105 mm,,61 MP,Ultra HD,2019 ,93,https://www.epey.com/aynasiz-fotograf-makinesi/sony-a7r-iv-24-105-mm.html
Nikon Z7 II,,45 MP,Ultra HD,2020 ,92,https://www.epey.com/aynasiz-fotograf-makinesi/nikon-z7-ii.html
Sony Alpha 7 IV (A7 IV) 28-70mm,,33 MP,Ultra HD,2021 ,92,https://www.epey.com/aynasiz-fotograf-makinesi/sony-alpha-7-iv-a7-iv-28-70mm.html
Sony Alpha 7 IV (A7 IV),,33 MP,Ultra HD,2021 ,91,https://www.epey.com/aynasiz-fotograf-makinesi/sony-alpha-7-iv-a7-iv.html
Nikon D5 28-300mm,,20 MP,4K,2016 ,90,https://www.epey.com/dslr-fotograf-makinesi/nikon-d5-28-300mm.html
Nikon D5 24-70mm,,20 MP,4K,2016 ,90,https://www.epey.com/dslr-fotograf-makinesi/nikon-d5-24-70mm.html
Nikon D5 14-24mm,,20 MP,4K,2016 ,90,https://www.epey.com/dslr-fotograf-makinesi/nikon-d5-14-24mm.html
Canon EOS 5D Mark III 50mm,,22 MP,Full HD,2012 ,67,https://www.epey.com/dslr-fotograf-makinesi/canon-eos-5d-mark-iii-50mm.html
Nikon D800E 24-85mm,,36 MP,Full HD,2012 ,67,https://www.epey.com/dslr-fotograf-makinesi/nikon-d800e-24-85mm.html
Fujifilm X-Pro2,,24 MP,Ultra HD,2016 ,67,https://www.epey.com/aynasiz-fotograf-makinesi/fujifilm-x-pro2.html
Nikon D800E,,36 MP,Full HD,2012 ,66,https://www.epey.com/dslr-fotograf-makinesi/nikon-d800e.html
Nikon D800,,36 MP,Full HD,2012 ,66,https://www.epey.com/dslr-fotograf-makinesi/nikon-d800.html
Nikon D5600 18-200mm,,24 MP,Full HD,2017 ,66,https://www.epey.com/dslr-fotograf-makinesi/nikon-d5600-18-200mm.html
Nikon D5600 18-105mm,,24 MP,Full HD,2017 ,66,https://www.epey.com/dslr-fotograf-makinesi/nikon-d5600-18-105mm.html
Nikon D5600 11-16mm,,24 MP,Full HD,2017 ,66,https://www.epey.com/dslr-fotograf-makinesi/nikon-d5600-11-16mm.html
Canon EOS 6D 16-28mm,,20 MP,Full HD,2012 ,66,https://www.epey.com/dslr-fotograf-makinesi/canon-eos-6d-16-28mm.html
Canon EOS 200D,,24 MP,Full HD,2017 ,66,https://www.epey.com/dslr-fotograf-makinesi/canon-eos-200d.html
Canon EOS 6D 50mm,,20 MP,Full HD,2012 ,66,https://www.epey.com/dslr-fotograf-makinesi/canon-eos-6d-50mm.html
Canon EOS 800D 18-200mm,,24 MP,Full HD,2017 ,66,https://www.epey.com/dslr-fotograf-makinesi/canon-eos-800d-18-200mm.html
Canon EOS 800D 24-105mm,,24 MP,Full HD,2017 ,65,https://www.epey.com/dslr-fotograf-makinesi/canon-eos-800d-24-105mm.html
Canon EOS 800D 70-300mm,,24 MP,Full HD,2017 ,65,https://www.epey.com/dslr-fotograf-makinesi/canon-eos-800d-70-300mm.html
Canon EOS 800D 24-70mm,,24 MP,Full HD,2017 ,65,https://www.epey.com/dslr-fotograf-makinesi/canon-eos-800d-24-70mm.html
Canon EOS 800D 11-16mm,,24 MP,Full HD,2017 ,65,https://www.epey.com/dslr-fotograf-makinesi/canon-eos-800d-11-16mm.html
Nikon D5600,,24 MP,Full HD,2017 ,65,https://www.epey.com/dslr-fotograf-makinesi/nikon-d5600.html
Fujifilm X-T2 18-55mm,,24 MP,Ultra HD,2016 ,65,https://www.epey.com/aynasiz-fotograf-makinesi/fujifilm-x-t2-18-55mm.html
Fujifilm X-T2 16-50mm,,24 MP,Ultra HD,2016 ,65,https://www.epey.com/aynasiz-fotograf-makinesi/fujifilm-x-t2-16-50mm.html
Canon EOS 6D 24-70mm,,20 MP,Full HD,2012 ,65,https://www.epey.com/dslr-fotograf-makinesi/canon-eos-6d-24-70mm.html
Canon EOS 80D 18-200mm,,24 MP,Full HD,2016 ,65,https://www.epey.com/dslr-fotograf-makinesi/canon-eos-80d-18-200mm.html
Canon EOS 80D 24-105mm,,24 MP,Full HD,2016 ,65,https://www.epey.com/dslr-fotograf-makinesi/canon-eos-80d-24-105mm-f4-l-is-usm.html
Canon EOS 80D 70-300mm,,24 MP,Full HD,2016 ,65,https://www.epey.com/dslr-fotograf-makinesi/canon-eos-80d-70-300mm.html
Canon EOS 80D 11-16mm,,24 MP,Full HD,2016 ,65,https://www.epey.com/dslr-fotograf-makinesi/canon-eos-80d-11-16mm.html
Canon EOS 7D Mark II 18-200mm,,20 MP,Full HD,2014 ,65,https://www.epey.com/dslr-fotograf-makinesi/canon-eos-7d-mark-ii-18-200mm.html
Nikon D600,,24 MP,Full HD,2012 ,65,https://www.epey.com/dslr-fotograf-makinesi/nikon-d600.html
Canon EOS 7D Mark II 24-105mm,,20 MP,Full HD,2014 ,65,https://www.epey.com/dslr-fotograf-makinesi/canon-eos-7d-mark-ii-24-105mm.html
Canon EOS 7D Mark II 55-250mm,,20 MP,Full HD,2014 ,65,https://www.epey.com/dslr-fotograf-makinesi/canon-eos-7d-mark-ii-55-250mm.html
Canon EOS 7D Mark II 70-300mm,,20 MP,Full HD,2014 ,65,https://www.epey.com/dslr-fotograf-makinesi/canon-eos-7d-mark-ii-70-300mm.html
Canon EOS 7D Mark II 18-55mm,,20 MP,Full HD,2014 ,65,https://www.epey.com/dslr-fotograf-makinesi/canon-eos-7d-mark-ii-18-55mm.html
Canon EOS 7D Mark II 11-16mm,,20 MP,Full HD,2014 ,65,https://www.epey.com/dslr-fotograf-makinesi/canon-eos-7d-mark-ii-11-16mm.html
Fujifilm X-T2 18-135mm,,24 MP,Ultra HD,2016 ,65,https://www.epey.com/aynasiz-fotograf-makinesi/fujifilm-x-t2-18-135mm.html
Nikon D610 24-70mm,,24 MP,Full HD,2014 ,65,https://www.epey.com/dslr-fotograf-makinesi/nikon-d610-24-70mm.html
Fujifilm X-E3 16-50mm,,24 MP,Ultra HD,2017 ,65,https://www.epey.com/aynasiz-fotograf-makinesi/fujifilm-x-e3-16-50mm.html
Nikon D610 16-28mm,,24 MP,Full HD,2014 ,65,https://www.epey.com/dslr-fotograf-makinesi/nikon-d610-16-28mm.html
Fujifilm X-E3 15-45mm,,24 MP,Ultra HD,2017 ,65,https://www.epey.com/aynasiz-fotograf-makinesi/fujifilm-x-e3-15-45mm.html
Fujifilm X-E3 18-55mm,,24 MP,Ultra HD,2017 ,65,https://www.epey.com/aynasiz-fotograf-makinesi/fujifilm-x-e3-18-55mm.html
Canon EOS 7D Mark II 50mm,,20 MP,Full HD,2014 ,65,https://www.epey.com/dslr-fotograf-makinesi/canon-eos-7d-mark-ii-50mm.html
Sony HX95,,18 MP,Ultra HD,2018 ,65,https://www.epey.com/kompakt-fotograf-makinesi/sony-hx95.html
Canon EOS 800D,,24 MP,Full HD,2017 ,65,https://www.epey.com/dslr-fotograf-makinesi/canon-eos-800d.html
Nikon D610 50mm,,24 MP,Full HD,2014 ,65,https://www.epey.com/dslr-fotograf-makinesi/nikon-d610-50mm.html
Fujifilm X-T2,,24 MP,Ultra HD,2016 ,64,https://www.epey.com/aynasiz-fotograf-makinesi/fujifilm-x-t2.html
Nikon D610 24-85mm,,24 MP,Full HD,2014 ,64,https://www.epey.com/dslr-fotograf-makinesi/nikon-d610-24-85mm.html
Fujifilm X-E3 23mm,,24 MP,Ultra HD,2017 ,64,https://www.epey.com/aynasiz-fotograf-makinesi/fujifilm-x-e3-23mm.html
Fujifilm X-E3,,24 MP,Ultra HD,2017 ,64,https://www.epey.com/aynasiz-fotograf-makinesi/fujifilm-x-e3.html
Fujifilm X-T20 15-45mm,,24 MP,Ultra HD,2017 ,64,https://www.epey.com/aynasiz-fotograf-makinesi/fujifilm-x-t20-15-45mm.html
Fujifilm X-T20 16-50mm,,24 MP,Ultra HD,2017 ,64,https://www.epey.com/aynasiz-fotograf-makinesi/fujifilm-x-t20-16-50mm.html
Olympus PEN E-PL10 14-42mm,,16 MP,Ultra HD,2020 ,64,https://www.epey.com/aynasiz-fotograf-makinesi/olympus-pen-e-pl10-14-42mm.html
Olympus PEN E-PL9,,16 MP,Ultra HD,2018 ,64,https://www.epey.com/aynasiz-fotograf-makinesi/olympus-pen-e-pl9.html
Sony DSC-RX100 IV,,20 MP,Ultra HD,2015 ,64,https://www.epey.com/kompakt-fotograf-makinesi/sony-dsc-rx100-iv.html
Sony a6400,10799.0,24 MP,Ultra HD,2019 ,78,https://www.epey.com/aynasiz-fotograf-makinesi/sony-a6400.html
Canon EOS 90D,12314.0,32 MP,Ultra HD,2019 ,78,https://www.epey.com/dslr-fotograf-makinesi/canon-eos-90d.html
Fujifilm X-T4 16-80mm,18999.0,26 MP,4K,2020 ,78,https://www.epey.com/aynasiz-fotograf-makinesi/fujifilm-x-t4-16-80mm.html
Fujifilm X-T4 18-55mm,17999.0,26 MP,4K,2020 ,78,https://www.epey.com/aynasiz-fotograf-makinesi/fujifilm-x-t4-18-55mm.html
Sony A7R II,18644.64,42 MP,Ultra HD,2015 ,78,https://www.epey.com/aynasiz-fotograf-makinesi/sony-a7r-ii.html
Pentax K-1 Mark II,23939.88,36 MP,Full HD,2018 ,78,https://www.epey.com/dslr-fotograf-makinesi/pentax-k-1-mark-ii.html
Fujifilm GFX 50R 50mm,28995.0,51 MP,Full HD,2018 ,78,https://www.epey.com/aynasiz-fotograf-makinesi/fujifilm-gfx-50r-50mm.html
Fujifilm X-T4,14899.0,26 MP,4K,2020 ,77,https://www.epey.com/aynasiz-fotograf-makinesi/fujifilm-x-t4.html
Fujifilm GFX 50R,24995.0,51 MP,Full HD,2018 ,77,https://www.epey.com/aynasiz-fotograf-makinesi/fujifilm-gfx-50r.html
Sony a6100 16-50mm,10555.99,24 MP,Ultra HD,2019 ,77,https://www.epey.com/aynasiz-fotograf-makinesi/sony-a6100-16-50mm.html
Panasonic Lumix G9,23279.03,20 MP,Ultra HD,2017 ,77,https://www.epey.com/aynasiz-fotograf-makinesi/panasonic-lumix-g9.html
Nikon D7500 18-300mm,20184.24,20 MP,Ultra HD,2017 ,77,https://www.epey.com/dslr-fotograf-makinesi/nikon-d7500-18-300mm.html
Olympus OM-D E-M1X,28990.0,20 MP,4K,2019 ,77,https://www.epey.com/aynasiz-fotograf-makinesi/olympus-om-d-e-m1x.html
Nikon D7500 18-140mm,12149.0,20 MP,Ultra HD,2017 ,76,https://www.epey.com/dslr-fotograf-makinesi/nikon-d7500-18-140mm.html
Fujifilm X-T3 16-55mm,20999.0,26 MP,4K,2018 ,76,https://www.epey.com/aynasiz-fotograf-makinesi/fujifilm-x-t3-16-55mm.html
Fujifilm X-T3 18-55mm,13799.0,26 MP,4K,2018 ,76,https://www.epey.com/aynasiz-fotograf-makinesi/fujifilm-x-t3-18-55mm.html
Fujifilm X-T3 16-80mm,15249.0,26 MP,4K,2018 ,76,https://www.epey.com/aynasiz-fotograf-makinesi/fujifilm-x-t3-16-80mm.html
Nikon D7500,9746.04,20 MP,Ultra HD,2017 ,76,https://www.epey.com/dslr-fotograf-makinesi/nikon-d7500.html
Fujifilm X-T30 16-80mm,11499.0,26 MP,4K,2019 ,76,https://www.epey.com/aynasiz-fotograf-makinesi/fujifilm-x-t30-16-80mm.html
Fujifilm X-T30 15-45mm,8299.0,26 MP,4K,2019 ,76,https://www.epey.com/aynasiz-fotograf-makinesi/fujifilm-x-t30-15-45mm.html
Fujifilm X-T30 18-55mm,10799.0,26 MP,4K,2019 ,76,https://www.epey.com/aynasiz-fotograf-makinesi/fujifilm-x-t30-18-55mm.html
Panasonic Lumix GH5s,19399.03,10 MP,4K,2018 ,76,https://www.epey.com/aynasiz-fotograf-makinesi/panasonic-gh5s.html
Olympus OM-D E-M1 Mark III,21338.0,20 MP,4K,2020 ,75,https://www.epey.com/aynasiz-fotograf-makinesi/olympus-om-d-e-m1-mark-iii.html
Fujifilm X-T3,10999.0,26 MP,4K,2018 ,75,https://www.epey.com/aynasiz-fotograf-makinesi/fujifilm-x-t3.html
Fujifilm X-S10 16-80mm,13499.0,26 MP,-,2020 ,75,https://www.epey.com/aynasiz-fotograf-makinesi/fujifilm-x-s10-16-80mm.html
Fujifilm X-S10 18-55mm,12799.0,26 MP,-,2020 ,75,https://www.epey.com/aynasiz-fotograf-makinesi/fujifilm-x-s10-18-55mm.html
Fujifilm X-T30,7399.0,26 MP,4K,2019 ,75,https://www.epey.com/aynasiz-fotograf-makinesi/fujifilm-x-t30.html
Canon EOS 850D 18-135mm,11799.0,24 MP,Ultra HD,2020 ,75,https://www.epey.com/dslr-fotograf-makinesi/canon-eos-850d-18-135mm.html
Canon EOS 850D 18-55mm,9249.0,24 MP,Ultra HD,2020 ,75,https://www.epey.com/dslr-fotograf-makinesi/canon-eos-850d-plus-18-55-mm.html
Nikon Z50 50-250mm,12564.0,21 MP,Ultra HD,2019 ,74,https://www.epey.com/aynasiz-fotograf-makinesi/nikon-z50-50-250mm.html
Fujifilm X-S10,9299.0,26 MP,-,2020 ,74,https://www.epey.com/aynasiz-fotograf-makinesi/fujifilm-x-s10.html
Nikon Z50 16-50mm,9990.03,21 MP,Ultra HD,2019 ,74,https://www.epey.com/aynasiz-fotograf-makinesi/nikon-z50-16-50mm.html
Canon EOS M50 18-150mm,9588.0,24 MP,Ultra HD,2018 ,74,https://www.epey.com/aynasiz-fotograf-makinesi/canon-eos-m50-18-150mm.html
Canon EOS M50 15-45mm,5567.04,24 MP,Ultra HD,2018 ,74,https://www.epey.com/aynasiz-fotograf-makinesi/canon-eos-m50-15-45mm.html
Canon EOS M50 Mark II 15-45mm,7790.0,24 MP,Ultra HD,2020 ,74,https://www.epey.com/aynasiz-fotograf-makinesi/canon-eos-m50-mark-ii-15-45mm.html
Canon EOS 250D 18-55mm,5976.99,24 MP,Ultra HD,2019 ,74,https://www.epey.com/dslr-fotograf-makinesi/canon-eos-250d-18-55mm.html
Nikon Z50,6929.04,21 MP,Ultra HD,2019 ,73,https://www.epey.com/aynasiz-fotograf-makinesi/nikon-z50.html
Fujifilm X100V,11999.0,26 MP,4K,2020 ,73,https://www.epey.com/kompakt-fotograf-makinesi/fujifilm-x100v.html
Canon PowerShot G5 X Mark II,12349.0,20 MP,Ultra HD,2019 ,73,https://www.epey.com/kompakt-fotograf-makinesi/canon-powershot-g5-x-mark-ii.html
Fujifilm X-Pro3,15999.0,26 MP,4K,2019 ,72,https://www.epey.com/aynasiz-fotograf-makinesi/fujifilm-x-pro3.html
Canon EOS M200 15-45mm,4992.02,24 MP,Ultra HD,2019 ,72,https://www.epey.com/aynasiz-fotograf-makinesi/canon-eos-m200-15-45mm.html
Canon EOS M6 Mark II 15-45mm,10399.0,32 MP,Ultra HD,2019 ,71,https://www.epey.com/aynasiz-fotograf-makinesi/canon-eos-m6-mark-ii-15-45mm.html
Olympus OM-D E-M5 Mark III,12478.68,20 MP,4K,2019 ,71,https://www.epey.com/aynasiz-fotograf-makinesi/olympus-om-d-e-m5-mark-iii.html
Sony A7S II,19331.13,12 MP,Full HD,2016 ,71,https://www.epey.com/aynasiz-fotograf-makinesi/sony-a7s-ii.html
Sony ZV-E10 16-50mm,8886.83,24 MP,Ultra HD,2021 ,71,https://www.epey.com/aynasiz-fotograf-makinesi/sony-zv-e10-16-50mm.html
Fujifilm X-E4 15-45mm,8699.0,26 MP,-,2021 ,70,https://www.epey.com/aynasiz-fotograf-makinesi/fujifilm-x-e4-15-45mm.html
Fujifilm X-E4 16-80mm,11999.0,26 MP,-,2021 ,70,https://www.epey.com/aynasiz-fotograf-makinesi/fujifilm-x-e4-16-80mm.html
Fujifilm X-E4 18-55mm,10749.0,26 MP,-,2021 ,70,https://www.epey.com/aynasiz-fotograf-makinesi/fujifilm-x-e4-18-55mm.html
Sony DSC-RX100 VI,11080.16,20 MP,Ultra HD,2018 ,70,https://www.epey.com/kompakt-fotograf-makinesi/sony-dsc-rx100-vi.html
Canon PowerShot G7 X Mark III,8371.08,20 MP,Ultra HD,2019 ,70,https://www.epey.com/kompakt-fotograf-makinesi/canon-powershot-g7-x-mark-iii.html
Panasonic LUMIX FZ 1000 II,10330.49,20 MP,Ultra HD,2019 ,61,https://www.epey.com/kompakt-fotograf-makinesi/panasonic-lumix-fz-1000-ii.html
Fujifilm X-T200 15-45mm,6899.0,24 MP,Ultra HD,2020 ,60,https://www.epey.com/aynasiz-fotograf-makinesi/fujifilm-x-t200-15-45mm.html
Fujifilm X-T200 18-55mm,8499.0,24 MP,Ultra HD,2020 ,60,https://www.epey.com/aynasiz-fotograf-makinesi/fujifilm-x-t200-18-55mm.html
Sony A6000 55-210mm,8359.05,24 MP,Full HD,2014 ,60,https://www.epey.com/aynasiz-fotograf-makinesi/sony-a6000-55-210mm.html
Canon PowerShot G1 X Mark II,5999.0,12 MP,Full HD,2014 ,60,https://www.epey.com/kompakt-fotograf-makinesi/canon-powershot-g1-x-mark-ii.html
Nikon D5500 18-55mm,6272.0,24 MP,Full HD,2015 ,60,https://www.epey.com/dslr-fotograf-makinesi/nikon-d5500-18-55mm.html
Fujifilm X-T200,5899.0,24 MP,Ultra HD,2020 ,60,https://www.epey.com/aynasiz-fotograf-makinesi/fujifilm-x-t200.html
Olympus OM-D E-M5 Mark II 14-150mm,8729.03,16 MP,Full HD,2015 ,60,https://www.epey.com/aynasiz-fotograf-makinesi/olympus-om-d-e-m5-mark-ii-14-150mm.html
Canon EOS M6 15-45mm,8083.06,24 MP,Full HD,2017 ,60,https://www.epey.com/aynasiz-fotograf-makinesi/canon-eos-m6-15-45mm.html
Sony A6000 16-50mm,6069.99,24 MP,Full HD,2014 ,60,https://www.epey.com/aynasiz-fotograf-makinesi/sony-a6000-16-50mm.html
Panasonic Lumix TZ-90,4493.69,20 MP,Ultra HD,2017 ,59,https://www.epey.com/kompakt-fotograf-makinesi/panasonic-lumix-tz-90.html
Olympus OM-D E-M5 Mark II,5819.03,16 MP,Full HD,2015 ,59,https://www.epey.com/aynasiz-fotograf-makinesi/olympus-om-d-e-m5-mark-ii.html
Panasonic Lumix FZ82,4138.92,18 MP,-,2017 ,58,https://www.epey.com/kompakt-fotograf-makinesi/panasonic-lumix-fz82.html
Olympus Tough TG-6,7488.0,12 MP,Ultra HD,2019 ,58,https://www.epey.com/kompakt-fotograf-makinesi/olympus-tough-tg-6.html
Nikon D3500 18-140mm,7109.52,24 MP,Full HD,2018 ,58,https://www.epey.com/dslr-fotograf-makinesi/nikon-d3500-18-140mm.html
Nikon D3500 70-300mm,7517.18,24 MP,Full HD,2018 ,58,https://www.epey.com/dslr-fotograf-makinesi/nikon-d3500-70-300mm.html
Nikon D3500 18-55mm,4459.36,24 MP,Full HD,2018 ,58,https://www.epey.com/dslr-fotograf-makinesi/nikon-d3500-18-55mm.html
Canon PowerShot G7 X Mark II,6995.0,20 MP,Full HD,2016 ,58,https://www.epey.com/kompakt-fotograf-makinesi/canon-powershot-g7-x-mark-ii.html
Canon EOS 760D,5992.0,24 MP,Full HD,2015 ,58,https://www.epey.com/dslr-fotograf-makinesi/canon-eos-760d.html
Nikon D5300 18-55mm,5075.06,24 MP,Full HD,2014 ,58,https://www.epey.com/dslr-fotograf-makinesi/nikon-d5300-18-55mm.html
Sony DSC-RX100 III,5511.46,20 MP,Full HD,2014 ,58,https://www.epey.com/kompakt-fotograf-makinesi/sony-dsc-rx100-iii.html
Nikon D3500,4511.06,24 MP,Full HD,2018 ,57,https://www.epey.com/dslr-fotograf-makinesi/nikon-d3500.html
Canon EOS 650D 18-135mm,5538.0,18 MP,Full HD,2012 ,57,https://www.epey.com/dslr-fotograf-makinesi/canon-eos-650d-18-135mm.html
Canon EOS 650D 18-55mm,3938.0,18 MP,Full HD,2012 ,57,https://www.epey.com/dslr-fotograf-makinesi/canon-eos-650d-18-55mm.html
Pentax K-70 18-135mm,11844.84,24 MP,-,2016 ,57,https://www.epey.com/dslr-fotograf-makinesi/pentax-k-70-18-135mm.html
Canon EOS 70D 18-135mm,8601.0,20 MP,Full HD,2013 ,56,https://www.epey.com/dslr-fotograf-makinesi/canon-eos-70d-18-135mm.html
Canon EOS 70D 18-55mm,7520.0,20 MP,Full HD,2013 ,56,https://www.epey.com/dslr-fotograf-makinesi/canon-eos-70d-18-55mm.html
Sony DSC-HX400V,5296.9,20 MP,Full HD,2014 ,56,https://www.epey.com/kompakt-fotograf-makinesi/sony-dsc-hx400v.html
Canon EOS 70D,6935.0,20 MP,Full HD,2013 ,56,https://www.epey.com/dslr-fotograf-makinesi/canon-eos-70d.html
Nikon D5100 18-105mm,4638.0,16 MP,Full HD,2011 ,56,https://www.epey.com/dslr-fotograf-makinesi/nikon-d5100-18-105mm.html
Nikon D5100 18-55mm,3264.0,16 MP,Full HD,2011 ,56,https://www.epey.com/dslr-fotograf-makinesi/nikon-d5100-18-55mm.html
Canon PowerShot G9 X Mark II,5883.02,20 MP,Full HD,2017 ,56,https://www.epey.com/kompakt-fotograf-makinesi/canon-powershot-g9-x-mark-ii.html
Olympus OM-D E-M10 Mark II 12-50mm,6977.04,16 MP,Full HD,2015 ,56,https://www.epey.com/aynasiz-fotograf-makinesi/olympus-om-d-e-m10-mark-ii-12-50mm.html
Panasonic Lumix LX15,5632.9,20 MP,Ultra HD,2016 ,55,https://www.epey.com/kompakt-fotograf-makinesi/panasonic-lumix-lx15.html
Canon EOS 100D 18-55mm,3571.06,18 MP,Full HD,2013 ,55,https://www.epey.com/dslr-fotograf-makinesi/canon-100d-18-55mm.html
Panasonic Lumix TZ200,8642.7,20 MP,-,-,55,https://www.epey.com/kompakt-fotograf-makinesi/panasonic-lumix-tz200.html
Canon EOS 2000D 75-300mm,7263.36,24 MP,Full HD,2018 ,54,https://www.epey.com/dslr-fotograf-makinesi/canon-eos-2000d-75-300mm.html
Canon EOS 2000D 18-55mm,4271.8,24 MP,Full HD,2018 ,54,https://www.epey.com/dslr-fotograf-makinesi/canon-eos-2000d-18-55mm.html
Canon EOS 700D 18-135mm,5875.0,18 MP,Full HD,2013 ,54,https://www.epey.com/dslr-fotograf-makinesi/canon-eos-700d-18-135mm.html
Canon EOS 700D 18-55mm,4229.06,18 MP,Full HD,2013 ,54,https://www.epey.com/dslr-fotograf-makinesi/canon-eos-700d-18-55mm.html
Nikon D3400 18-55mm,3994.06,24 MP,Full HD,2016 ,54,https://www.epey.com/dslr-fotograf-makinesi/nikon-d3400-18-55mm.html
Canon EOS 700D,4186.0,18 MP,Full HD,2013 ,54,https://www.epey.com/dslr-fotograf-makinesi/canon-eos-700d.html
Nikon D3400,3888.0,24 MP,Full HD,2016 ,54,https://www.epey.com/dslr-fotograf-makinesi/nikon-d3400.html
Nikon D3200 18-105mm,4605.06,24 MP,Full HD,2012 ,53,https://www.epey.com/dslr-fotograf-makinesi/nikon-d3200-18-105mm.html
Nikon D7000 18-105mm,7426.0,16 MP,Full HD,2010 ,53,https://www.epey.com/dslr-fotograf-makinesi/nikon-d7000-18-105mm.html
Canon EOS 4000D 18-55mm,3787.99,18 MP,Full HD,2018 ,53,https://www.epey.com/dslr-fotograf-makinesi/canon-eos-4000d-18-55mm.html
Canon EOS 1300D 18-55mm,3489.0,18 MP,Full HD,2016 ,53,https://www.epey.com/dslr-fotograf-makinesi/canon-eos-1300d-18-55mm.html
Nikon D3200 18-55mm,3244.0,24 MP,Full HD,2012 ,52,https://www.epey.com/dslr-fotograf-makinesi/nikon-d3200-18-55mm.html
Nikon D5200,3947.06,24 MP,Full HD,2013 ,52,https://www.epey.com/dslr-fotograf-makinesi/nikon-d5200.html
Nikon D5200 18-105mm,5170.0,24 MP,Full HD,2013 ,52,https://www.epey.com/dslr-fotograf-makinesi/nikon-d5200-18-105mm.html
Canon EOS R5,40319.04,45 MP,8K UHD,2020 ,98,https://www.epey.com/aynasiz-fotograf-makinesi/canon-eos-r5.html
Canon EOS-1D X Mark III,73037.06,20 MP,4K,2020 ,96,https://www.epey.com/dslr-fotograf-makinesi/canon-eos-1d-x-mark-iii.html
Fujifilm GFX100 50mm,88995.0,102 MP,4K,2019 ,95,https://www.epey.com/aynasiz-fotograf-makinesi/fujifilm-gfx100-50mm.html
Fujifilm GFX100,84995.0,102 MP,4K,2019 ,94,https://www.epey.com/aynasiz-fotograf-makinesi/fujifilm-gfx100.html
Fujifilm GFX 100S 50mm,58995.0,102 MP,4K,2021 ,94,https://www.epey.com/aynasiz-fotograf-makinesi/fujifilm-gfx-100s-50mm.html
Fujifilm GFX 100S,54995.0,102 MP,4K,2021 ,93,https://www.epey.com/aynasiz-fotograf-makinesi/fujifilm-gfx-100s.html
Sony a7R IV 24-70mm,55444.0,61 MP,Ultra HD,2019 ,93,https://www.epey.com/aynasiz-fotograf-makinesi/sony-a7r-iv-24-70mm.html
Nikon Z7 II 24-70mm,44600.0,45 MP,Ultra HD,2020 ,92,https://www.epey.com/aynasiz-fotograf-makinesi/nikon-z7-ii-24-70mm.html
Sony a7R IV,32303.0,61 MP,Ultra HD,2019 ,92,https://www.epey.com/aynasiz-fotograf-makinesi/sony-a7r-iv.html
Nikon D6,79900.0,20 MP,Ultra HD,2019 ,92,https://www.epey.com/dslr-fotograf-makinesi/nikon-d6.html
Panasonic Lumix S1H,52368.84,24 MP,6K,2019 ,91,https://www.epey.com/aynasiz-fotograf-makinesi/panasonic-lumix-s1h.html
Nikon Z6 II 24-70mm,25704.0,24 MP,Ultra HD,2020 ,91,https://www.epey.com/aynasiz-fotograf-makinesi/nikon-z6-ii-24-70mm.html
Sony A7R III,25941.0,42 MP,Ultra HD,2017 ,90,https://www.epey.com/aynasiz-fotograf-makinesi/sony-a7r-iii.html
Nikon Z6 II,25219.03,24 MP,Ultra HD,2020 ,90,https://www.epey.com/aynasiz-fotograf-makinesi/nikon-z6-ii.html
Canon EOS R6 24-105mm,28434.0,20 MP,Ultra HD,2020 ,90,https://www.epey.com/aynasiz-fotograf-makinesi/canon-eos-r6-24-105mm.html
Sony Alpha a9 II (Sony a9 II),27499.0,24 MP,Ultra HD,2020 ,89,https://www.epey.com/aynasiz-fotograf-makinesi/sony-a9-ii.html
Canon EOS-1D X Mark II,55459.06,20 MP,4K,2016 ,89,https://www.epey.com/dslr-fotograf-makinesi/canon-eos-1d-x-mark-ii.html
Canon EOS R6,24959.04,20 MP,Ultra HD,2020 ,89,https://www.epey.com/aynasiz-fotograf-makinesi/canon-eos-r6.html
Sony Alpha 7C (Sony A7C) 28-60mm,26443.0,24 MP,Ultra HD,2020 ,88,https://www.epey.com/aynasiz-fotograf-makinesi/sony-alpha-7c-sony-a7c-28-60mm.html
Nikon D780 24-120mm,30950.76,24 MP,Ultra HD,2020 ,88,https://www.epey.com/dslr-fotograf-makinesi/nikon-d780-24-120mm.html
Nikon Z 7 24-70mm,31912.03,45 MP,Ultra HD,2018 ,87,https://www.epey.com/aynasiz-fotograf-makinesi/nikon-z-7-24-70mm.html
Panasonic LUMIX S1M,40940.0,24 MP,Ultra HD,2019 ,87,https://www.epey.com/aynasiz-fotograf-makinesi/panasonic-lumix-s1m.html
Nikon D850 24-120mm,38837.79,45 MP,Ultra HD,2017 ,87,https://www.epey.com/dslr-fotograf-makinesi/nikon-d850-24-120mm.html
Sony A7S III,46444.0,12 MP,Ultra HD,2020 ,87,https://www.epey.com/aynasiz-fotograf-makinesi/sony-a7s-iii.html
Sony Alpha 7C (Sony A7C),20999.0,24 MP,Ultra HD,2020 ,87,https://www.epey.com/aynasiz-fotograf-makinesi/sony-alpha-7c-sony-a7c.html
Canon EOS R 24-105mm,17279.04,30 MP,Ultra HD,2018 ,87,https://www.epey.com/aynasiz-fotograf-makinesi/canon-eos-r-24-105mm.html
Nikon Z 7,30360.14,45 MP,Ultra HD,2018 ,87,https://www.epey.com/aynasiz-fotograf-makinesi/nikon-z-7.html
Nikon Z6 14-30mm,31500.0,24 MP,Ultra HD,2018 ,87,https://www.epey.com/aynasiz-fotograf-makinesi/nikon-z6-14-30mm.html
Nikon Z 6 24-70mm,22349.06,24 MP,Ultra HD,2018 ,87,https://www.epey.com/aynasiz-fotograf-makinesi/nikon-z-6-24-70mm.html
Nikon D850,29944.0,45 MP,Ultra HD,2017 ,86,https://www.epey.com/dslr-fotograf-makinesi/nikon-d850.html
Canon EOS R,16544.99,30 MP,Ultra HD,2018 ,86,https://www.epey.com/aynasiz-fotograf-makinesi/canon-eos-r.html
Sony Alpha a9 (Sony a9),27150.3,24 MP,Ultra HD,2017 ,86,https://www.epey.com/aynasiz-fotograf-makinesi/sony-alpha-a9.html
Sony A7 III 24-105mm,40965.0,24 MP,Ultra HD,2018 ,85,https://www.epey.com/aynasiz-fotograf-makinesi/sony-a7-iii-24-105mm.html
Sony A7 III 24-70mm,47443.99,24 MP,Ultra HD,2018 ,85,https://www.epey.com/aynasiz-fotograf-makinesi/sony-a7-iii-24-70mm.html
Sony A7 III 28-70mm,26599.0,24 MP,Ultra HD,2018 ,85,https://www.epey.com/aynasiz-fotograf-makinesi/sony-a7-iii-28-70mm.html
Canon EOS 5D Mark IV 24-105mm,32445.0,30 MP,4K,2016 ,85,https://www.epey.com/dslr-fotograf-makinesi/canon-eos-5d-mark-iv-24-105mm.html
Sony A7 III,18914.03,24 MP,Ultra HD,2018 ,84,https://www.epey.com/aynasiz-fotograf-makinesi/sony-a7-iii.html
Canon EOS 5D Mark IV,23919.08,30 MP,4K,2016 ,84,https://www.epey.com/dslr-fotograf-makinesi/canon-eos-5d-mark-iv.html
Canon EOS RP 24-240mm,19999.0,26 MP,Ultra HD,2019 ,84,https://www.epey.com/aynasiz-fotograf-makinesi/canon-eos-rp-24-240mm.html
Canon EOS RP 24-105mm,13205.0,26 MP,Ultra HD,2019 ,84,https://www.epey.com/aynasiz-fotograf-makinesi/canon-eos-rp-24-105mm.html
Canon EOS RP,10911.99,26 MP,Ultra HD,2019 ,83,https://www.epey.com/aynasiz-fotograf-makinesi/canon-eos-rp.html
Nikon Z5 24-50mm,15044.04,24 MP,Ultra HD,2020 ,83,https://www.epey.com/aynasiz-fotograf-makinesi/nikon-z5-24-50mm.html
Sony a6600 18-135mm,20499.0,24 MP,Ultra HD,2019 ,82,https://www.epey.com/aynasiz-fotograf-makinesi/sony-a6600-18-135mm.html
Canon EOS 6D Mark II 24-105mm,18047.06,26 MP,Full HD,2017 ,82,https://www.epey.com/dslr-fotograf-makinesi/canon-eos-6d-mark-ii-24-105mm.html
Sony a6600,14259.0,24 MP,Ultra HD,2019 ,81,https://www.epey.com/aynasiz-fotograf-makinesi/sony-a6600.html
Canon EOS 6D Mark II,13063.08,26 MP,Full HD,2017 ,81,https://www.epey.com/dslr-fotograf-makinesi/canon-eos-6d-mark-ii.html
Sony a6400 18-135mm,17944.0,24 MP,Ultra HD,2019 ,79,https://www.epey.com/aynasiz-fotograf-makinesi/sony-a6400-18-135mm.html
Sony a6400 16-50mm,12499.0,24 MP,Ultra HD,2019 ,79,https://www.epey.com/aynasiz-fotograf-makinesi/sony-a6400-16-50mm.html
Canon EOS 90D 18-135mm,15044.0,32 MP,Ultra HD,2019 ,79,https://www.epey.com/dslr-fotograf-makinesi/canon-eos-90d-18-135mm.html
Sony DSC-RX100 VII,13805.0,20 MP,Ultra HD,2019 ,79,https://www.epey.com/kompakt-fotograf-makinesi/sony-dsc-rx100-vii.html
Panasonic Lumix ZS200,,20 MP,Ultra HD,2018 ,64,https://www.epey.com/kompakt-fotograf-makinesi/panasonic-lumix-zs200.html
Fujifilm X-T20 18-55mm,,24 MP,Ultra HD,2017 ,63,https://www.epey.com/aynasiz-fotograf-makinesi/fujifilm-x-t20-18-55mm.html
Sony A7S,,12 MP,Full HD,2014 ,63,https://www.epey.com/aynasiz-fotograf-makinesi/sony-a7s.html
Fujifilm X-T20 23mm,,24 MP,Ultra HD,2017 ,63,https://www.epey.com/aynasiz-fotograf-makinesi/fujifilm-x-t20-23mm.html
Fujifilm X-T20 35mm,,24 MP,Ultra HD,2017 ,63,https://www.epey.com/aynasiz-fotograf-makinesi/fujifilm-x-t20-35mm.html
Fujifilm X-T20 56mm,,24 MP,Ultra HD,2017 ,63,https://www.epey.com/aynasiz-fotograf-makinesi/fujifilm-x-t20-56mm.html
Fujifilm X-T20,,24 MP,Ultra HD,2017 ,63,https://www.epey.com/aynasiz-fotograf-makinesi/fujifilm-x-t20.html
Olympus PEN E-PL10,,16 MP,Ultra HD,2020 ,63,https://www.epey.com/aynasiz-fotograf-makinesi/olympus-pen-e-pl10.html
Panasonic Lumix DC-TS7,,20 MP,Ultra HD,2018 ,63,https://www.epey.com/kompakt-fotograf-makinesi/panasonic-lumix-dc-ts7.html
Sony DSC-RX10 II,,20 MP,Ultra HD,2016 ,63,https://www.epey.com/kompakt-fotograf-makinesi/sony-dsc-rx10-ii.html
Canon EOS M5 18-55mm,,24 MP,Full HD,2016 ,62,https://www.epey.com/aynasiz-fotograf-makinesi/canon-eos-m5-18-55mm.html
Canon EOS M5 18-150mm,,24 MP,Full HD,2016 ,61,https://www.epey.com/aynasiz-fotograf-makinesi/canon-eos-m5-18-150mm.html
Canon EOS 750D 18-200mm,,24 MP,Full HD,2015 ,61,https://www.epey.com/dslr-fotograf-makinesi/canon-eos-750d-18-200mm.html
Canon EOS 750D 70-300mm,,24 MP,Full HD,2015 ,61,https://www.epey.com/dslr-fotograf-makinesi/canon-eos-750d-70-300mm.html
Canon EOS 750D 11-16mm,,24 MP,Full HD,2015 ,61,https://www.epey.com/dslr-fotograf-makinesi/canon-eos-750d-11-16mm.html
Canon EOS 750D 50mm,,24 MP,Full HD,2015 ,61,https://www.epey.com/dslr-fotograf-makinesi/canon-eos-750d-50mm.html
Canon EOS 750D,,24 MP,Full HD,2015 ,60,https://www.epey.com/dslr-fotograf-makinesi/canon-eos-750d.html
Sony DSC-RX1R,,24 MP,Full HD,2013 ,60,https://www.epey.com/kompakt-fotograf-makinesi/sony-dsc-rx1r.html
Sony DSC-RX1,,24 MP,Full HD,2013 ,60,https://www.epey.com/kompakt-fotograf-makinesi/sony-dsc-rx1.html
Nikon D5500 18-200mm,,24 MP,Full HD,2015 ,60,https://www.epey.com/dslr-fotograf-makinesi/nikon-d5500-18-200mm.html
Sony A6000 18-105mm,,24 MP,Full HD,2014 ,60,https://www.epey.com/aynasiz-fotograf-makinesi/sony-a6000-18-105mm.html
Panasonic Lumix G100 12-32mm,,20 MP,Ultra HD,2020 ,60,https://www.epey.com/aynasiz-fotograf-makinesi/panasonic-lumix-g100-12-32mm.html
Nikon D5500 18-140mm,,24 MP,Full HD,2015 ,60,https://www.epey.com/dslr-fotograf-makinesi/nikon-d5500-18-140mm.html
Canon EOS M100 15-45mm,,24 MP,Full HD,2017 ,60,https://www.epey.com/aynasiz-fotograf-makinesi/canon-eos-m100-15-45mm.html
Canon EOS M100 55-200mm,,24 MP,Full HD,2017 ,60,https://www.epey.com/aynasiz-fotograf-makinesi/canon-eos-m100-55-200mm.html
Canon EOS M6 18-150mm,,24 MP,Full HD,2017 ,60,https://www.epey.com/aynasiz-fotograf-makinesi/canon-eos-m6-18-150mm.html
Fujifilm X-T100 16-50mm,,24 MP,Ultra HD,2018 ,60,https://www.epey.com/aynasiz-fotograf-makinesi/fujifilm-x-t100-16-50mm.html
Fujifilm X-T100 15-45mm,,24 MP,Ultra HD,2018 ,60,https://www.epey.com/aynasiz-fotograf-makinesi/fujifilm-x-t100-15-45mm.html
Fujifilm X-T100 18-55mm,,24 MP,Ultra HD,2018 ,60,https://www.epey.com/aynasiz-fotograf-makinesi/fujifilm-x-t100-18-55mm.html
Olympus OM-D E-M5 Mark II 12-100mm,,16 MP,Full HD,2015 ,60,https://www.epey.com/aynasiz-fotograf-makinesi/olympus-om-d-e-m5-mark-ii-12-100mm.html
Nikon D5500,,24 MP,Full HD,2015 ,59,https://www.epey.com/dslr-fotograf-makinesi/nikon-d5500.html
Canon EOS M6,,24 MP,Full HD,2017 ,59,https://www.epey.com/aynasiz-fotograf-makinesi/canon-eos-m6.html
Sony A6000,,24 MP,Full HD,2014 ,59,https://www.epey.com/aynasiz-fotograf-makinesi/sony-a6000.html
Nikon D7200 18-55mm,,24 MP,Full HD,2015 ,59,https://www.epey.com/dslr-fotograf-makinesi/nikon-d7200-18-55mm.html
Canon EOS M100,,24 MP,Full HD,2017 ,59,https://www.epey.com/aynasiz-fotograf-makinesi/canon-eos-m100.html
Fujifilm X-T100,,24 MP,Ultra HD,2018 ,59,https://www.epey.com/aynasiz-fotograf-makinesi/fujifilm-x-t100.html
Canon PowerShot G16,,12 MP,Full HD,2013 ,59,https://www.epey.com/kompakt-fotograf-makinesi/canon-powershot-g16.html
Sony A5100 16-50mm,,24 MP,Full HD,2014 ,59,https://www.epey.com/aynasiz-fotograf-makinesi/sony-a5100-16-50mm.html
Nikon D5300 18-200mm,,24 MP,Full HD,2014 ,58,https://www.epey.com/dslr-fotograf-makinesi/nikon-d5300-18-200mm.html
Nikon D5300 70-300mm,,24 MP,Full HD,2014 ,58,https://www.epey.com/dslr-fotograf-makinesi/nikon-d5300-70-300mm.html
Nikon D5300 11-16mm,,24 MP,Full HD,2014 ,58,https://www.epey.com/dslr-fotograf-makinesi/nikon-d5300-11-16mm.html
Nikon D3500 18-105mm,,24 MP,Full HD,2018 ,58,https://www.epey.com/dslr-fotograf-makinesi/nikon-d3500-18-105mm.html
Nikon D3500 50mm,,24 MP,Full HD,2018 ,58,https://www.epey.com/dslr-fotograf-makinesi/nikon-d3500-50mm.html
Canon PowerShot G3 X,,20 MP,Full HD,2015 ,58,https://www.epey.com/kompakt-fotograf-makinesi/canon-powershot-g3-x.html
Fujifilm X-A7 15-45mm,,24 MP,Ultra HD,2019 ,58,https://www.epey.com/aynasiz-fotograf-makinesi/fujifilm-x-a7-15-45mm.html
Fujifilm X-A7 18-55mm,,24 MP,Ultra HD,2019 ,58,https://www.epey.com/aynasiz-fotograf-makinesi/fujifilm-x-a7-18-55mm.html
Canon EOS 760D 18-135mm,,24 MP,Full HD,2015 ,58,https://www.epey.com/dslr-fotograf-makinesi/canon-eos-760d-18-135mm.html
Nikon D5300 18-140mm,,24 MP,Full HD,2014 ,58,https://www.epey.com/dslr-fotograf-makinesi/nikon-d5300-18-140mm.html
Nikon D5300 18-105mm,,24 MP,Full HD,2014 ,58,https://www.epey.com/dslr-fotograf-makinesi/nikon-d5300-18-105mm.html
Nikon D7200 18-200mm,,24 MP,Full HD,2015 ,58,https://www.epey.com/dslr-fotograf-makinesi/nikon-d7200-18-200mm.html
Canon EOS 760D 18-55mm,,24 MP,Full HD,2015 ,58,https://www.epey.com/dslr-fotograf-makinesi/canon-eos-760d-18-55mm.html
Nikon D7200 70-300mm,,24 MP,Full HD,2015 ,58,https://www.epey.com/dslr-fotograf-makinesi/nikon-d7200-70-300mm.html
Nikon D7200 11-16mm,,24 MP,Full HD,2015 ,58,https://www.epey.com/dslr-fotograf-makinesi/nikon-d7200-11-16mm.html
Nikon D5300,,24 MP,Full HD,2014 ,57,https://www.epey.com/dslr-fotograf-makinesi/nikon-d5300.html
Fujifilm X-A5 15-45mm,,24 MP,Ultra HD,2018 ,57,https://www.epey.com/aynasiz-fotograf-makinesi/fujifilm-x-a5-15-45mm.html
Nikon D7200 18-140mm,,24 MP,Full HD,2015 ,57,https://www.epey.com/dslr-fotograf-makinesi/nikon-d7200-18-140mm.html
Nikon D7200 18-105mm,,24 MP,Full HD,2015 ,57,https://www.epey.com/dslr-fotograf-makinesi/nikon-d7200-18-105mm.html
Fujifilm X-A7,,24 MP,Ultra HD,2019 ,57,https://www.epey.com/aynasiz-fotograf-makinesi/fujifilm-x-a7.html
Nikon D7200,,24 MP,Full HD,2015 ,57,https://www.epey.com/dslr-fotograf-makinesi/nikon-d7200.html
Panasonic LUMIX TZ95 (ZS80),,20 MP,Ultra HD,2019 ,57,https://www.epey.com/kompakt-fotograf-makinesi/panasonic-lumix-tz95.html
Canon EOS 70D 18-200mm,,20 MP,Full HD,2013 ,56,https://www.epey.com/dslr-fotograf-makinesi/canon-eos-70d-18-200mm.html
Canon PowerShot G5 X,,20 MP,Full HD,2015 ,56,https://www.epey.com/kompakt-fotograf-makinesi/canon-powershot-g5-x.html
Fujifilm X-A5,,24 MP,Ultra HD,2018 ,56,https://www.epey.com/aynasiz-fotograf-makinesi/fujifilm-x-a5.html
Olympus PEN-F,,20 MP,Full HD,2016 ,56,https://www.epey.com/aynasiz-fotograf-makinesi/olympus-pen-f.html
Sony DSC-RX10,,20 MP,Full HD,2013 ,56,https://www.epey.com/kompakt-fotograf-makinesi/sony-dsc-rx10.html
Sony DSC-HX90,,18 MP,Full HD,2015 ,56,https://www.epey.com/kompakt-fotograf-makinesi/sony-dsc-hx90.html
Sony DSC-RX100 II,,20 MP,Full HD,2013 ,56,https://www.epey.com/kompakt-fotograf-makinesi/sony-dsc-rx100-ii.html
Canon EOS 7D,,18 MP,Full HD,2009 ,55,https://www.epey.com/dslr-fotograf-makinesi/canon-eos-7d.html
Canon EOS 100D,,18 MP,Full HD,2013 ,55,https://www.epey.com/dslr-fotograf-makinesi/canon-eos-100d.html
Nikon D5100,,16 MP,Full HD,2011 ,55,https://www.epey.com/dslr-fotograf-makinesi/nikon-d5100.html
Olympus OM-D E-M10 Mark II 14-42mm,,16 MP,Full HD,2015 ,55,https://www.epey.com/aynasiz-fotograf-makinesi/olympus-om-d-e-m10-mark-ii-14-42mm.html
Olympus OM-D E-M10 Mark II,,16 MP,Full HD,2015 ,55,https://www.epey.com/aynasiz-fotograf-makinesi/olympus-om-d-e-m10-mark-ii.html
Nikon D3400 18-200mm,,24 MP,Full HD,2016 ,54,https://www.epey.com/dslr-fotograf-makinesi/nikon-d3400-18-200mm.html
Nikon D3400 70-300mm,,24 MP,Full HD,2016 ,54,https://www.epey.com/dslr-fotograf-makinesi/nikon-d3400-70-300mm.html
Nikon D3400 11-16mm,,24 MP,Full HD,2016 ,54,https://www.epey.com/dslr-fotograf-makinesi/nikon-d3400-11-16mm.html
Canon PowerShot SX60 HS,,16 MP,Full HD,2014 ,54,https://www.epey.com/kompakt-fotograf-makinesi/canon-powershot-sx60-hs.html
Olympus Tough TG-5,,12 MP,Ultra HD,2017 ,54,https://www.epey.com/kompakt-fotograf-makinesi/olympus-tough-tg-5.html
Canon EOS 700D 50mm,,18 MP,Full HD,2013 ,54,https://www.epey.com/dslr-fotograf-makinesi/canon-eos-700d-50mm.html
Canon PowerShot G9 X,,20 MP,Full HD,2015 ,54,https://www.epey.com/kompakt-fotograf-makinesi/canon-powershot-g9-x.html
Nikon D3400 18-140mm,,24 MP,Full HD,2016 ,54,https://www.epey.com/dslr-fotograf-makinesi/nikon-d3400-18-140mm.html
Nikon D3400 18-105mm,,24 MP,Full HD,2016 ,54,https://www.epey.com/dslr-fotograf-makinesi/nikon-d3400-18-105mm.html
Fujifilm X100F,,24 MP,Full HD,2017 ,54,https://www.epey.com/kompakt-fotograf-makinesi/fujifilm-x100f.html
Canon EOS 2000D,,24 MP,Full HD,2018 ,54,https://www.epey.com/dslr-fotograf-makinesi/canon-eos-2000d.html
Nikon D7000 55-300mm,,16 MP,Full HD,2010 ,54,https://www.epey.com/dslr-fotograf-makinesi/nikon-d7000-55-300mm.html
Nikon D7000 18-55mm,,16 MP,Full HD,2010 ,54,https://www.epey.com/dslr-fotograf-makinesi/nikon-d7000-18-55mm.html
Ricoh GR II,,16 MP,Full HD,2015 ,53,https://www.epey.com/kompakt-fotograf-makinesi/ricoh-gr-ii.html
Nikon D7000 55-200mm,,16 MP,Full HD,2010 ,53,https://www.epey.com/dslr-fotograf-makinesi/nikon-d7000-55-200mm.html
Canon EOS M3 15-45mm,,24 MP,Full HD,2015 ,53,https://www.epey.com/aynasiz-fotograf-makinesi/canon-eos-m3-15-45mm.html
Canon EOS M3 18-55mm,,24 MP,Full HD,2015 ,53,https://www.epey.com/aynasiz-fotograf-makinesi/canon-eos-m3-18-55mm.html
Nikon D7000,,16 MP,Full HD,2010 ,53,https://www.epey.com/dslr-fotograf-makinesi/nikon-d7000.html
Canon EOS M3,,24 MP,Full HD,2015 ,53,https://www.epey.com/aynasiz-fotograf-makinesi/canon-eos-m3.html
Sony DSC-HX90V,,18 MP,Full HD,2015 ,53,https://www.epey.com/kompakt-fotograf-makinesi/sony-dsc-hx90v.html
Nikon D5200 55-200mm,,24 MP,Full HD,2013 ,53,https://www.epey.com/dslr-fotograf-makinesi/nikon-d5200-55-200mm.html
Canon EOS 4000D 50mm,,18 MP,Full HD,2018 ,52,https://www.epey.com/dslr-fotograf-makinesi/canon-eos-4000d-50mm.html
Canon PowerShot G7 X,,20 MP,Full HD,2014 ,52,https://www.epey.com/kompakt-fotograf-makinesi/canon-powershot-g7-x.html
Fujifilm FinePix XP140,,16 MP,Ultra HD,2019 ,52,https://www.epey.com/kompakt-fotograf-makinesi/fujifilm-finepix-xp140.html
Nikon D3200,,24 MP,Full HD,2012 ,52,https://www.epey.com/dslr-fotograf-makinesi/nikon-d3200.html
Canon EOS 1300D 50mm,,18 MP,Full HD,2016 ,52,https://www.epey.com/dslr-fotograf-makinesi/canon-eos-1300d-50mm.html
Fujifilm X-T1 18-135mm,,16 MP,Full HD,2014 ,52,https://www.epey.com/aynasiz-fotograf-makinesi/fujifilm-x-t1-18-135mm.html
Canon EOS 4000D,,18 MP,Full HD,2018 ,52,https://www.epey.com/dslr-fotograf-makinesi/canon-eos-4000d.html
Samsung NX3300 16-50mm,,20 MP,Full HD,2015 ,42,https://www.epey.com/aynasiz-fotograf-makinesi/samsung-nx3300-16-50mm.html
Canon IXUS 190,,20 MP,HD,2017 ,42,https://www.epey.com/kompakt-fotograf-makinesi/canon-ixus-190.html
Canon EOS 1100D 18-55mm,,12 MP,HD,2011 ,41,https://www.epey.com/dslr-fotograf-makinesi/canon-eos-1100d-18-55mm.html
Sony NEX-5RL,,16 MP,Full HD,-,41,https://www.epey.com/aynasiz-fotograf-makinesi/sony-nex-5rl.html
Sony DSC-H400,,20 MP,HD,2014 ,40,https://www.epey.com/kompakt-fotograf-makinesi/sony-dsc-h400.html
Canon IXUS 160,,20 MP,HD,2015 ,40,https://www.epey.com/kompakt-fotograf-makinesi/canon-ixus-160.html
Nikon Coolpix W150,,13 MP,Full HD,2019 ,40,https://www.epey.com/kompakt-fotograf-makinesi/nikon-coolpix-w150.html
Fujifilm FinePix XP120,,16 MP,Full HD,2017 ,39,https://www.epey.com/kompakt-fotograf-makinesi/fujifilm-finepix-xp120.html
Fujifilm FinePix XP80,,16 MP,Full HD,2015 ,39,https://www.epey.com/kompakt-fotograf-makinesi/fujifilm-finepix-xp80.html
Fujifilm XF1,,12 MP,Full HD,2012 ,39,https://www.epey.com/kompakt-fotograf-makinesi/fujifilm-xf1.html
Nikon Coolpix W100,,13 MP,Full HD,2016 ,37,https://www.epey.com/kompakt-fotograf-makinesi/nikon-coolpix-w100.html
Canon IXUS 175,,20 MP,HD,2016 ,37,https://www.epey.com/kompakt-fotograf-makinesi/canon-ixus-175.html
Panasonic Lumix DMC-FZ72,,16 MP,Full HD,2013 ,37,https://www.epey.com/kompakt-fotograf-makinesi/panasonic-lumix-dmc-fz72.html
Canon IXUS 177,,20 MP,HD,2016 ,36,https://www.epey.com/kompakt-fotograf-makinesi/canon-ixus-177.html
Nikon Coolpix A300,,20 MP,HD,2016 ,35,https://www.epey.com/kompakt-fotograf-makinesi/nikon-coolpix-a300.html
Nikon Coolpix L340,,20 MP,HD,2015 ,35,https://www.epey.com/kompakt-fotograf-makinesi/nikon-coolpix-l340.html
Olympus Stylus 5010,,14 MP,HD,2010 ,34,https://www.epey.com/kompakt-fotograf-makinesi/olympus-stylus-5010.html
Olympus Stylus 7040,,14 MP,-,2010 ,33,https://www.epey.com/kompakt-fotograf-makinesi/olympus-stylus-7040.html
Casio Exilim EX-N10,,16 MP,HD,2012 ,32,https://www.epey.com/kompakt-fotograf-makinesi/casio-exilim-ex-n10.html
Nikon Coolpix A100,,20 MP,HD,2016 ,31,https://www.epey.com/kompakt-fotograf-makinesi/nikon-coolpix-a100.html
Samsung WB1100F,,16 MP,HD,2014 ,30,https://www.epey.com/kompakt-fotograf-makinesi/samsung-wb1100f.html
Kodak FZ41,,16 MP,HD,2013 ,30,https://www.epey.com/kompakt-fotograf-makinesi/kodak-fz41.html
Nikon Coolpix A10,,16 MP,HD,2016 ,30,https://www.epey.com/kompakt-fotograf-makinesi/nikon-coolpix-a10.html
Kodak PIXPRO WP1,,16 MP,HD,2012 ,28,https://www.epey.com/kompakt-fotograf-makinesi/kodak-pixpro-wp1.html
Polaroid i1037,,10 MP,-,2009 ,23,https://www.epey.com/kompakt-fotograf-makinesi/polaroid-i1037.html
Nikon Coolpix S2500,,12 MP,-,2011 ,22,https://www.epey.com/kompakt-fotograf-makinesi/nikon-coolpix-s2500.html
General Home AK-872,,8 MP,-,-,21,https://www.epey.com/aksiyon-kamera/general-home-ak-872.html
Samsung WB200F,,14 MP,-,2013 ,20,https://www.epey.com/kompakt-fotograf-makinesi/samsung-wb200f.html
Quelima SQ23,,2 MP,-,-,14,https://www.epey.com/aksiyon-kamera/quelima-sq23.html
Polaroid OneStep+ (OneStep Plus),,-,-,-,9,https://www.epey.com/sipsak-fotograf-makinesi/polaroid-onestep-plus-onestep-plus.html
Fujifilm X-T1 18-55mm,,16 MP,Full HD,2014 ,52,https://www.epey.com/aynasiz-fotograf-makinesi/fujifilm-x-t1-18-55mm.html
Nikon D5200 18-140mm,,24 MP,Full HD,2013 ,52,https://www.epey.com/dslr-fotograf-makinesi/nikon-d5200-18-140mm.html
Nikon D3300 18-140mm,,24 MP,Full HD,2014 ,52,https://www.epey.com/dslr-fotograf-makinesi/nikon-d3300-18-140mm.html
Nikon D3300 18-105mm,,24 MP,Full HD,2014 ,52,https://www.epey.com/dslr-fotograf-makinesi/nikon-d3300-18-105mm.html
Canon EOS 1300D,,18 MP,Full HD,2016 ,52,https://www.epey.com/dslr-fotograf-makinesi/canon-eos-1300d.html
Sony DSC-HX350,,20 MP,Full HD,2016 ,52,https://www.epey.com/kompakt-fotograf-makinesi/sony-dsc-hx350.html
Sony DSC-HX60V,,20 MP,Full HD,2014 ,52,https://www.epey.com/kompakt-fotograf-makinesi/sony-dsc-hx60v.html
Nikon D7100 55-300mm,,24 MP,Full HD,2013 ,52,https://www.epey.com/dslr-fotograf-makinesi/nikon-d7100-55-300mm.html
Nikon D7100 55-200mm,,24 MP,Full HD,2013 ,51,https://www.epey.com/dslr-fotograf-makinesi/nikon-d7100-55-200mm.html
Nikon D7100 18-200mm,,24 MP,Full HD,2013 ,51,https://www.epey.com/dslr-fotograf-makinesi/nikon-d7100-18-200mm.html
Fujifilm X-T1,,16 MP,Full HD,2014 ,51,https://www.epey.com/aynasiz-fotograf-makinesi/fujifilm-x-t1.html
Nikon D7100 18-55mm,,24 MP,Full HD,2013 ,51,https://www.epey.com/dslr-fotograf-makinesi/nikon-d7100-18-55mm.html
Canon EOS M10 15-45mm,,18 MP,Full HD,2015 ,51,https://www.epey.com/aynasiz-fotograf-makinesi/canon-eos-m10-15-45mm.html
Sony DSC-HX60,,20 MP,Full HD,2014 ,51,https://www.epey.com/kompakt-fotograf-makinesi/sony-dsc-hx60.html
Canon EOS 600D 18-135mm,,18 MP,Full HD,2011 ,51,https://www.epey.com/dslr-fotograf-makinesi/canon-eos-600d-18-135mm.html
Sony DSC-WX350,,18 MP,Full HD,2014 ,51,https://www.epey.com/kompakt-fotograf-makinesi/sony-dsc-wx350.html
Nikon Coolpix P900,,16 MP,Full HD,2015 ,50,https://www.epey.com/kompakt-fotograf-makinesi/nikon-coolpix-p900.html
Sony DSC-RX100,,20 MP,Full HD,2012 ,50,https://www.epey.com/kompakt-fotograf-makinesi/sony-dsc-rx100.html
Nikon D3100 18-105mm,,14 MP,Full HD,2010 ,50,https://www.epey.com/dslr-fotograf-makinesi/nikon-d3100-18-105mm.html
Canon EOS 60D 18-55mm,,18 MP,Full HD,2010 ,50,https://www.epey.com/dslr-fotograf-makinesi/canon-eos-60d-18-55mm.html
Canon PowerShot SX730 HS,,20 MP,Full HD,2017 ,50,https://www.epey.com/kompakt-fotograf-makinesi/canon-powershot-sx730-hs.html
Fujifilm X-A3 16-50mm,,24 MP,Full HD,2016 ,50,https://www.epey.com/aynasiz-fotograf-makinesi/fujifilm-x-a3-16-50mm.html
Nikon D3100,,14 MP,Full HD,2010 ,49,https://www.epey.com/dslr-fotograf-makinesi/nikon-d3100.html
Fujifilm X70,,16 MP,Full HD,2016 ,49,https://www.epey.com/kompakt-fotograf-makinesi/fujifilm-x70.html
Fujifilm X-A3,,24 MP,Full HD,2016 ,49,https://www.epey.com/aynasiz-fotograf-makinesi/fujifilm-x-a3.html
Yi M1 (Xiaomi),,20 MP,Ultra HD,2016 ,49,https://www.epey.com/aynasiz-fotograf-makinesi/xiaoyi-yi-m1.html
Canon EOS 1200D 18-135mm,,18 MP,Full HD,2014 ,49,https://www.epey.com/dslr-fotograf-makinesi/canon-eos-1200d-18-135mm.html
Canon EOS 1200D,,18 MP,Full HD,2014 ,48,https://www.epey.com/dslr-fotograf-makinesi/canon-eos-1200d.html
Fujifilm X-T10,,16 MP,Full HD,2015 ,48,https://www.epey.com/aynasiz-fotograf-makinesi/fujifilm-x-t10.html
Fujifilm X-E2S 18-55mm,,16 MP,Full HD,2016 ,47,https://www.epey.com/aynasiz-fotograf-makinesi/fujifilm-x-e2s-18-55mm.html
Fujifilm X-E2S,,16 MP,Full HD,2016 ,47,https://www.epey.com/aynasiz-fotograf-makinesi/fujifilm-x-e2s.html
Nikon Coolpix AW130,,16 MP,Full HD,2015 ,46,https://www.epey.com/kompakt-fotograf-makinesi/nikon-coolpix-aw130.html
Canon PowerShot SX610 HS,,20 MP,Full HD,2015 ,45,https://www.epey.com/kompakt-fotograf-makinesi/canon-powershot-sx610-hs.html
Canon PowerShot SX530 HS,,16 MP,Full HD,2015 ,45,https://www.epey.com/kompakt-fotograf-makinesi/canon-powershot-sx530-hs.html
Nikon 1 J4,,18 MP,Full HD,2014 ,45,https://www.epey.com/aynasiz-fotograf-makinesi/nikon-1-j4.html
Kodak Pixpro AZ652,,20 MP,Full HD,2015 ,45,https://www.epey.com/kompakt-fotograf-makinesi/kodak-pixpro-az652.html
Fujifilm FinePix XP130,,16 MP,Full HD,2018 ,45,https://www.epey.com/kompakt-fotograf-makinesi/fujifilm-finepix-xp130.html
Nikon Coolpix A900,,20 MP,Ultra HD,2016 ,45,https://www.epey.com/kompakt-fotograf-makinesi/nikon-coolpix-a900.html
Nikon D90,,12 MP,HD,2008 ,44,https://www.epey.com/dslr-fotograf-makinesi/nikon-d90.html
Canon IXUS 285 HS,,20 MP,-,-,44,https://www.epey.com/kompakt-fotograf-makinesi/canon-ixus-285-hs.html
Nikon D5000 18-105mm,,12 MP,HD,2009 ,44,https://www.epey.com/dslr-fotograf-makinesi/nikon-d5000-18-105mm.html
Panasonic Lumix DMC-TZ35,,16 MP,Full HD,2013 ,43,https://www.epey.com/kompakt-fotograf-makinesi/panasonic-dmc-tz35.html
Nikon D5000,,12 MP,HD,2009 ,43,https://www.epey.com/dslr-fotograf-makinesi/nikon-d5000.html
Samsung NX20,,20 MP,Full HD,2012 ,43,https://www.epey.com/aynasiz-fotograf-makinesi/samsung-nx20.html
Sony DSC-WX5,,12 MP,Full HD,2010 ,42,https://www.epey.com/kompakt-fotograf-makinesi/sony-dsc-wx5.html
Canon PowerShot SX420 IS,,20 MP,HD,2016 ,42,https://www.epey.com/kompakt-fotograf-makinesi/canon-powershot-sx420-is.html
Samsung NX Mini,,20 MP,Full HD,2016 ,42,https://www.epey.com/aynasiz-fotograf-makinesi/samsung-nx-mini.html
Canon PowerShot SX430 IS,,20 MP,HD,2017 ,42,https://www.epey.com/kompakt-fotograf-makinesi/canon-powershot-sx430-is.html
Nikon CoolPix B500,,16 MP,Full HD,2016 ,42,https://www.epey.com/kompakt-fotograf-makinesi/nikon-coolpix-b500.html
Kodak PIXPRO S-1,,16 MP,Full HD,2014 ,42,https://www.epey.com/aynasiz-fotograf-makinesi/kodak-pixpro-s-1.html
