Ürün Adı,Fiyat,Kategori,Silindir Hacmi,Beygir Gücü (bg),Teknik Puan,Link
Mondial RX3i Evo,31570.0,Touring,250 cc,24.7 ,36.0,https://www.epey.com/motosiklet/mondial-rx3i-evo.html
Yuki Afşin 250,17099.0,Touring,223 cc,17.5 ,30.0,https://www.epey.com/motosiklet/yuki-afsin-250.html
Yuki TN125-E,18750.0,Touring,125 cc,10.72 ,23.0,https://www.epey.com/motosiklet/yuki-tn125-e.html
Mondial 100 MG Superboy,12590.0,Touring,97 cc,9.1 ,21.0,https://www.epey.com/motosiklet/mondial-100-mg-superboy.html
Mondial 125 Drift L,22360.0,Touring,124 cc,-,21.0,https://www.epey.com/motosiklet/mondial-125-drift-l.html
Falcon Attack 100,11599.0,Commuter,97.8 cc,9.4 ,18.0,https://www.epey.com/motosiklet/falcon-attack-100.html
Yuki Gusto 50,9589.0,Cub,99 cc,5.90 ,18.0,https://www.epey.com/motosiklet/yuki-gusto-50.html
Falcon Mexico 150,17100.0,Touring,124 cc,-,18.0,https://www.epey.com/motosiklet/falcon-mexico-150.html
Mondial 100 SFC Snappy X,13370.0,Cub,97 cc,5.8 ,18.0,https://www.epey.com/motosiklet/mondial-100-sfc-snappy-x.html
Mondial Tab,13658.0,Scooter,49.46 cc,-,15.0,https://www.epey.com/motosiklet/mondial-tab.html
MotoLux ROSSI RS,13957.0,Scooter,49 cc,2.7 ,15.0,https://www.epey.com/motosiklet/motolux-rossi-rs.html
Mondial Mash 125i,17044.9,Scooter,124.6 cc,-,13.0,https://www.epey.com/motosiklet/mondial-mash-125i.html
Yuki Casper 50,10290.0,Scooter,50 cc,3.1 ,12.0,https://www.epey.com/motosiklet/yuki-casper-50.html
Falcon Dolphin 100,20270.43,Scooter,99 cc,6 ,12.0,https://www.epey.com/motosiklet/falcon-dolphin-100.html
Falcon Soft 50,11400.0,Scooter,49.4 cc,3.08 ,12.0,https://www.epey.com/motosiklet/falcon-soft-50.html
Kuba Trendy 50,13023.0,Scooter,50 cc,3.62 ,11.0,https://www.epey.com/motosiklet/kuba-trendy-50.html
Volta RS5,11625.0,Scooter,49.5 cc,-,11.0,https://www.epey.com/motosiklet/volta-rs5.html
Mondial 50 Revival,10781.82,Scooter,49.6 cc,-,11.0,https://www.epey.com/motosiklet/mondial-50-revival.html
Yuki QM50QT-6E Snoopy,10949.0,Scooter,49 cc,4.4 ,11.0,https://www.epey.com/motosiklet/yuki-qm50qt-6e-snoopy.html
RKS Blazer 50-XR,12850.0,Scooter,49.6 cc,2.68 ,11.0,https://www.epey.com/motosiklet/rks-blazer-50-xr.html
Kuba ÇITA 100R,14582.0,Klasik,99 cc,6.4 ,11.0,https://www.epey.com/motosiklet/kuba-cita-100r.html
RMG Moto Gusto Rapid 50,13050.0,Scooter,49.6 cc,-,11.0,https://www.epey.com/motosiklet/rmg-moto-gusto-rapid-50.html
Kuba CG 100 (KM125-6),13399.0,Klasik,99 cc,6.4 ,11.0,https://www.epey.com/motosiklet/kuba-cg-100-km125-6.html
Kuba Reiz 50,11300.0,Cub,49.9 cc,2.95 ,10.0,https://www.epey.com/motosiklet/kuba-reiz-50.html
Arora AR 100-8 A (Çelik Jant),11700.0,Touring,97 cc,7.50 ,10.0,https://www.epey.com/motosiklet/arora-ar-100-8-a-renkli-celik-jant.html
Kuba EGE 50,12500.0,Cub,50 cc,2.95 ,10.0,https://www.epey.com/motosiklet/kuba-ege-50.html
Mondial BeeStreet,10100.0,Scooter,49.6 cc,-,10.0,https://www.epey.com/motosiklet/mondial-beestreet.html
Kuba RX9,10050.0,Commuter,49.4 cc,2.82 ,10.0,https://www.epey.com/motosiklet/kuba-rx9.html
Kuba ÇITA 100R GOLD,12542.0,Klasik,99 cc,7.0 ,8.0,https://www.epey.com/motosiklet/kuba-cita-100r-gold.html
Kral KR-44 Pion 50,11599.0,Scooter,49 cc,-,2.0,https://www.epey.com/motosiklet/kral-kr-44-pion-50.html
Honda NC 750D Integra,,Scooter,745 cc,54.8 ,65.0,https://www.epey.com/motosiklet/nc-750d-integra.html
Kawasaki Vulcan 900 Classic,,Chopper,903 cc,50.0 ,65.0,https://www.epey.com/motosiklet/kawasaki-vulcan-900-classic.html
Kawasaki Vulcan 900 Classic Special Edition,,Chopper,903 cc,50.0 ,65.0,https://www.epey.com/motosiklet/kawasaki-vulcan-900-classic-special-edition.html
Kawasaki Vulcan 900 Custom,,Chopper,903 cc,50.0 ,65.0,https://www.epey.com/motosiklet/kawasaki-vulcan-900-custom.html
Yamaha XV950 ABS,,Sport,942 cc,52.1 ,65.0,https://www.epey.com/motosiklet/yamaha-xv950-abs.html
Yamaha XV950 Racer ABS,,Sport,942 cc,52.1 ,65.0,https://www.epey.com/motosiklet/yamaha-xv950-racer-abs.html
BMW C 600 Sport TR Package,,Scooter,647 cc,60.0 ,64.0,https://www.epey.com/motosiklet/bmw-c-600-sport.html
BMW C 600 Sport TR Package Special Color,,Scooter,647 cc,60.0 ,64.0,https://www.epey.com/motosiklet/bmw-c-600-sport-tr-package-special-color.html
BMW C 600 Sport Special Edition,,Scooter,647 cc,60.0 ,64.0,https://www.epey.com/motosiklet/bmw-c-600-sport-special-edition.html
BMW C 650 GT TR Package,,Scooter,647 cc,60.0 ,64.0,https://www.epey.com/motosiklet/bmw-c-650-gt-tr-package.html
BMW C 650 GT Special Color,,Scooter,647 cc,60.0 ,64.0,https://www.epey.com/motosiklet/bmw-c-650-gt-special-color.html
Suzuki Burgman 650Z ABS Executive,,Scooter,638 cc,55.1 ,64.0,https://www.epey.com/motosiklet/suzuki-burgman-650z-abs-executive.html
Triumph Scrambler,,Klasik,865 cc,59.0 ,64.0,https://www.epey.com/motosiklet/triumph-scrambler.html
KTM 690 DUKE R ABS,,Naked,690 cc,70.0 ,62.0,https://www.epey.com/motosiklet/ktm-690-duke-r-abs.html
Kawasaki Ninja 650,,Sport,649 cc,68 ,62.0,https://www.epey.com/motosiklet/kawasaki-ninja-650.html
Kawasaki Ninja 650 KRT Edition,,Sport,649 cc,68 ,62.0,https://www.epey.com/motosiklet/kawasaki-ninja-650-krt-edition.html
Yamaha XT660Z Tenere ABS,,Adventure,660 cc,47.6 ,62.0,https://www.epey.com/motosiklet/yamaha-xt660z-tenere-abs.html
KTM 690 DUKE ABS,,Naked,690 cc,68.0 ,62.0,https://www.epey.com/motosiklet/ktm-690-duke-abs.html
Yamaha XV950,,Sport,942 cc,52.1 ,61.0,https://www.epey.com/motosiklet/yamaha-xv950.html
Kawasaki W800 Special Edition,,Chopper,773 cc,47.0 ,61.0,https://www.epey.com/motosiklet/kawasaki-w800-special-edition.html
Kawasaki W800,,Chopper,773 cc,47.0 ,61.0,https://www.epey.com/motosiklet/kawasaki-w800.html
BMW G 650 GS,,Adventure,652 cc,48.0 ,60.0,https://www.epey.com/motosiklet/bmw-g-650-gs.html
Yamaha XT660Z Tenere,,Adventure,660 cc,47.6 ,60.0,https://www.epey.com/motosiklet/yamaha-xt660z-tenere.html
KTM 690 ENDURO R,,Enduro,690 cc,67.0 ,59.0,https://www.epey.com/motosiklet/ktm-690-enduro-r.html
Benelli Leoncino (ABS),,Touring,500 cc,46.93 ,57.0,https://www.epey.com/motosiklet/benelli-leoncino-abs.html
Honda CBR 500R,,Racing,471 cc,47.6 ,57.0,https://www.epey.com/motosiklet/honda-cbr-500r.html
Yamaha TMAX DX ABS,,Scooter,530 cc,45 ,54.0,https://www.epey.com/motosiklet/yamaha-tmax-dx-abs.html
Honda CB 500F,,Naked,471 cc,47.6 ,53.0,https://www.epey.com/motosiklet/honda-cb-500f.html
Yamaha TMAX ABS,,Scooter,530 cc,45.8 ,53.0,https://www.epey.com/motosiklet/yamaha-tmax-abs.html
SYM MAXSYM 600i ABS,,Scooter,565 cc,40.6 ,52.0,https://www.epey.com/motosiklet/maxsym-600i-abs.html
BMW F 700 GS Dynamic Package,,Adventure,798 cc,75.0 ,74.0,https://www.epey.com/motosiklet/bmw-f-700-gs-dynamic-package.html
BMW F 700 GS Dynamic Package Color Edition,,Adventure,798 cc,75.0 ,74.0,https://www.epey.com/motosiklet/bmw-f-700-gs-dynamic-package-color-edition.html
BMW F 700 GS Dynamic Low Suspention,,Adventure,798 cc,75.0 ,74.0,https://www.epey.com/motosiklet/bmw-f-700-gs-dynamic-low-suspention.html
Yamaha MT-07 Moto Cage / ABS,,Naked,689 cc,74.8 ,74.0,https://www.epey.com/motosiklet/yamaha-mt-07-moto-cage-abs.html
Yamaha MT-07 ABS,,Naked,689 cc,74.8 ,74.0,https://www.epey.com/motosiklet/yamaha-mt-07-abs.html
Yamaha Tracer 700,,Sport,689 cc,74.8 ,73.0,https://www.epey.com/motosiklet/yamaha-tracer-700.html
Suzuki V-STROM 1000XT,,Touring,1037 cc,74 ,73.0,https://www.epey.com/motosiklet/suzuki-v-strom-1000xt.html
Aprilia SRV 850,,Scooter,839.3 cc,76.0 ,73.0,https://www.epey.com/motosiklet/aprilia-srv-850.html
Yamaha MT-07,,Naked,689 cc,74.8 ,73.0,https://www.epey.com/motosiklet/yamaha-mt-07.html
Kawasaki ER-6n ABS,,Touring,649 cc,72.1 ,72.0,https://www.epey.com/motosiklet/kawasaki-er-6n-abs.html
Kawasaki ER-6f ABS,,Touring,649 cc,72.1 ,72.0,https://www.epey.com/motosiklet/kawasaki-er-6f-abs.html
Aprilia MANA GT 850,,Naked,839.3 cc,76.1 ,72.0,https://www.epey.com/motosiklet/aprilia-mana-gt-850.html
Kawasaki KLE650 (Versys),,Enduro,649 cc,69.0 ,71.0,https://www.epey.com/motosiklet/kawasaki-kle650-versys.html
Kawasaki ER-6n,,Touring,649 cc,72.1 ,71.0,https://www.epey.com/motosiklet/kawasaki-er-6n.html
Kawasaki ER-6f,,Touring,649 cc,72.1 ,71.0,https://www.epey.com/motosiklet/kawasaki-er-6f.html
Suzuki V-Strom 650 ABS,,Adventure,645 cc,66.6 ,71.0,https://www.epey.com/motosiklet/suzuki-v-strom-650-abs.html
Kawasaki Z650,,Naked,649 cc,68 ,71.0,https://www.epey.com/motosiklet/kawasaki-z650.html
Kawasaki KLE650 (Versys) ABS,,Enduro,649 cc,69.0 ,70.0,https://www.epey.com/motosiklet/kawasaki-kle650-versys-abs.html
Triumph Thruxton,,Klasik,865 cc,69.0 ,68.0,https://www.epey.com/motosiklet/triumph-thruxton.html
Triumph MY15 Bonneville,,Klasik,865 cc,68.0 ,67.0,https://www.epey.com/motosiklet/triumph-my15-bonneville.html
Triumph Bonneville T100,,Klasik,865 cc,68.0 ,67.0,https://www.epey.com/motosiklet/triumph-bonneville-t100.html
Triumph Bonneville T100 Black,,Klasik,865 cc,68.0 ,67.0,https://www.epey.com/motosiklet/triumph-bonneville-t100-black.html
Kawasaki Vulcan S ABS,,Chopper,649 cc,61.0 ,67.0,https://www.epey.com/motosiklet/kawasaki-vulcan-s-abs.html
CF MOTO SD 650-S,,Touring,649.3 cc,60.3 ,67.0,https://www.epey.com/motosiklet/cf-moto-sd-650-s.html
CF MOTO SD 650-T,,Touring,649.3 cc,60.3 ,67.0,https://www.epey.com/motosiklet/cf-moto-sd-650-t.html
Hyosung ST7,,Chopper,678.2 cc,62.5 ,67.0,https://www.epey.com/motosiklet/hyosung-st7.html
Triumph America,,Chopper,865 cc,61.0 ,66.0,https://www.epey.com/motosiklet/triumph-america.html
Kawasaki Vulcan S,,Chopper,649 cc,61.0 ,66.0,https://www.epey.com/motosiklet/kawasaki-vulcan-s.html
Honda NC 750S,,Naked,745 cc,54.8 ,66.0,https://www.epey.com/motosiklet/honda-nc-750s.html
Triumph Speedmaster,,Chopper,865 cc,61.0 ,65.0,https://www.epey.com/motosiklet/triumph-speedmaster.html
Kawasaki ZX6R,,Racing,599 cc,134.0 ,82.0,https://www.epey.com/motosiklet/kawasaki-zx6r.html
Suzuki GSR 750 ABS,,Naked,749 cc,106 ,82.0,https://www.epey.com/motosiklet/suzuki-gsr-750-abs.html
Triumph Tiger 800 XRx,,Adventure,800 cc,95.0 ,81.0,https://www.epey.com/motosiklet/triumph-tiger-800-xrx.html
Triumph Tiger 800 XCx,,Adventure,800 cc,95.0 ,81.0,https://www.epey.com/motosiklet/triumph-tiger-800-xcx.html
Aprilia SHIVER 750,,Naked,749.9 cc,95.0 ,80.0,https://www.epey.com/motosiklet/aprilia-shiver-750.html
BMW F 800 R Dynamic Package,,Naked,798 cc,90.0 ,80.0,https://www.epey.com/motosiklet/bmw-f-800-r-dynamic-package.html
BMW F 800 GT Touring Package,,Touring,798 cc,90.0 ,80.0,https://www.epey.com/motosiklet/bmw-f-800-gt.html
Suzuki BANDIT 650SA,,Sport,656 cc,85 ,80.0,https://www.epey.com/motosiklet/suzuki-bandit-650sa.html
Honda CBR 650F,,Racing,649 cc,87.0 ,80.0,https://www.epey.com/motosiklet/honda-cbr-650f.html
Suzuki GSR 750A,,Sport,749 cc,106 ,80.0,https://www.epey.com/motosiklet/suzuki-gsr-750a.html
BMW F 800 GS Adventure TR Package,,Adventure,798 cc,85.0 ,79.0,https://www.epey.com/motosiklet/bmw-f-800-gs-adventuretr-package.html
Suzuki GSX-S750,,Naked,749 cc,114 ,79.0,https://www.epey.com/motosiklet/suzuki-gsx-s750.html
Kawasaki VN 1700 Voyager ABS,,Chopper,1700 cc,73.0 ,79.0,https://www.epey.com/motosiklet/kawasaki-vn-1700-voyager-abs.html
KTM 1290 SUPER ADVENTURE,,Adventure,1301 cc,160.0 ,79.0,https://www.epey.com/motosiklet/ktm-1290-super-adventure.html
KTM 1290 SUPER DUKE R ABS,,Naked,1301 cc,180.0 ,79.0,https://www.epey.com/motosiklet/ktm-1290-super-duke-r-abs.html
KTM 1190 ADVENTURE,,Adventure,1195 cc,150.0 ,78.0,https://www.epey.com/motosiklet/ktm-1190-adventure.html
Kawasaki Vn1700 Nomad,,Chopper,1700 cc,74.0 ,78.0,https://www.epey.com/motosiklet/kawasaki-vn1700-nomad.html
KTM 1190 RC8 R,,Sport,1195 cc,175.0 ,78.0,https://www.epey.com/motosiklet/ktm-1190-rc8-r.html
BMW F 800 GS Dynamic Package,,Adventure,798 cc,85.0 ,78.0,https://www.epey.com/motosiklet/bmw-f-800-gs.html
BMW F 800 GS Dynamic Low Suspension,,Adventure,798 cc,85.0 ,78.0,https://www.epey.com/motosiklet/bmw-f-800-gs-dynamic-low-suspension.html
BMW F 800 GS Dynamic Color Edition,,Adventure,798 cc,85.0 ,78.0,https://www.epey.com/motosiklet/bmw-f-800-gs-dynamic-color-edition.html
KTM 1190 ADVENTURE R,,Adventure,1195 cc,150.0 ,78.0,https://www.epey.com/motosiklet/ktm-1190-adventure-r.html
Yamaha XVS1300A Midnight Star,,Chopper,1304 cc,73.0 ,78.0,https://www.epey.com/motosiklet/yamaha-xvs1300a-midnight-star.html
Kawasaki ZX-6R 636 KRT ABS,,Racing,636 cc,131 ,77.0,https://www.epey.com/motosiklet/kawasaki-zx-6r-636-krt-abs.html
Honda CB 650F,,Naked,649 cc,87.0 ,77.0,https://www.epey.com/motosiklet/honda-cb-650f.html
Yamaha XJ6N,,Naked,600 cc,77.5 ,77.0,https://www.epey.com/motosiklet/yamaha-xj6n.html
Benelli TNT 600,,Naked,600 cc,80.4 ,76.0,https://www.epey.com/motosiklet/benelli-tnt-600.html
Kawasaki ZX-6R 636 KRT,,Racing,636 cc,131 ,76.0,https://www.epey.com/motosiklet/kawasaki-zx-6r-636-krt.html
Yamaha XJ6 Diversion F,,Naked,600 cc,77.5 ,76.0,https://www.epey.com/motosiklet/yamaha-xj6-diversion-f.html
BMW F 700 GS Advantage Package,,Adventure,798 cc,75.0 ,74.0,https://www.epey.com/motosiklet/bmw-f-700-gs.html
Yuki JJ50QT-3 Snoopy,10600.0,Scooter,49 cc,2.81 ,,https://www.epey.com/motosiklet/yuki-jj50qt-3-snoopy.html
Kral KR-12 VESTA 5000,18099.0,Elektrikli,-,-,,https://www.epey.com/motosiklet/kral-kr-12-vesta-5000.html
Yuki YK-04 Jüpiter,10599.0,Elektrikli,-,-,,https://www.epey.com/motosiklet/yuki-yk-04-jupiter.html
Kawasaki Ninja H2R,,Racing,998 cc,310 ,100.0,https://www.epey.com/motosiklet/kawasaki-ninja-h2r.html
BMW K 1600 GTL TR Package,,Touring,1649 cc,160.0 ,99.0,https://www.epey.com/motosiklet/bmw-k-1600-gtl-tr-package.html
BMW K 1600 GTL Exclusive,,Touring,1649 cc,160.0 ,99.0,https://www.epey.com/motosiklet/bmw-k-1600-gtl-exclusive.html
BMW K 1600 GT TR Package,,Touring,1649 cc,160.0 ,99.0,https://www.epey.com/motosiklet/bmw-k-1600-gt-tr-package.html
BMW K 1600 GT Sport Edition,,Touring,1649 cc,160.0 ,99.0,https://www.epey.com/motosiklet/bmw-k-1600-sport-edition.html
Triumph Rocket III Roadster,,Chopper,2294 cc,148.0 ,98.0,https://www.epey.com/motosiklet/triumph-rocket-iii-roadster.html
Honda Gold Wing F6B,,Touring,1832 cc,118 ,95.0,https://www.epey.com/motosiklet/honda-gold-wing-f6b.html
Honda GL1800 Gold Wing ABS,,Touring,1832 cc,118 ,95.0,https://www.epey.com/motosiklet/honda-gl1800-gold-wing-abs.html
Honda Gold Wing F6C,,Chopper,1832 cc,117 ,95.0,https://www.epey.com/motosiklet/honda-gold-wing-f6c.html
Yamaha VMAX,,Sport,1679 cc,200.0 ,95.0,https://www.epey.com/motosiklet/yamaha-vmax.html
Aprilia RSV4 RR 1000,,Racing,999.6 cc,201.0 ,95.0,https://www.epey.com/motosiklet/aprilia-rsv4-rr-1000.html
Aprilia RSV4 RR 1000 RACEPACK,,Racing,999.6 cc,201.0 ,95.0,https://www.epey.com/motosiklet/aprilia-rsv4-rr-1000-racepack.html
Aprilia RSV4 RF 1000,,Racing,999.6 cc,201.0 ,95.0,https://www.epey.com/motosiklet/aprilia-rsv4-rf-1000.html
Suzuki Hayabusa GSX1300RA,,Racing,1340 cc,197.1 ,94.0,https://www.epey.com/motosiklet/suzuki-hayabusa-gsx1300ra.html
Yamaha YZF-R1,,Racing,998 cc,200.0 ,94.0,https://www.epey.com/motosiklet/yamaha-yzf-r1.html
Yamaha YZF-R1M,,Racing,998 cc,200.0 ,94.0,https://www.epey.com/motosiklet/yamaha-yzf-r1m.html
BMW K 1300 R TR Package,,Naked,1293 cc,173.0 ,94.0,https://www.epey.com/motosiklet/bmw-k-1300-r-tr-package.html
BMW S 1000 RR TR Package,,Sport,999 cc,198.0 ,94.0,https://www.epey.com/motosiklet/bmw-s-1000-rr.html
BMW S 1000 RR TR Package Design Wheels,,Sport,999 cc,198.0 ,94.0,https://www.epey.com/motosiklet/bmw-s-1000-rr-tr-package-design-wheels.html
BMW S 1000 RR TR Package Triple Color,,Sport,999 cc,198.0 ,94.0,https://www.epey.com/motosiklet/bmw-s-1000-rr-tr-package-triple-color.html
BMW S 1000 RR TR Package Triple Color Design Wheels,,Sport,999 cc,198.0 ,94.0,https://www.epey.com/motosiklet/bmw-s-1000-rr-tr-package-triple-color-design-wheels.html
Triumph Rocket III Touring,,Touring,2294 cc,106 ,94.0,https://www.epey.com/motosiklet/triumph-rocket-iii-touring.html
Kawasaki 1400GTR,,Sport,1352 cc,160.0 ,94.0,https://www.epey.com/motosiklet/kawasaki-1400gtr.html
Kawasaki Ninja H2,,Racing,998 cc,210.0 ,93.0,https://www.epey.com/motosiklet/kawasaki-ninja-h2.html
Honda VFR1200F,,Sport,1237 cc,172 ,92.0,https://www.epey.com/motosiklet/honda-vfr1200f.html
Honda CBR 1000RR Fireblade,,Racing,999 cc,181.0 ,92.0,https://www.epey.com/motosiklet/honda-cbr-1000rr.html
Kawasaki ZX10R ABS,,Racing,998 cc,200.0 ,92.0,https://www.epey.com/motosiklet/kawasaki-zx10r-abs.html
BMW R 1200 R Style Package,,Naked,1170 cc,125 ,85.0,https://www.epey.com/motosiklet/bmw-r-1200-r.html
BMW R 1200 R Dynamic Package,,Naked,1170 cc,125 ,85.0,https://www.epey.com/motosiklet/bmw-r-1200-r-dynamic-package.html
Honda Crossrunner VFR 800X,,Adventure,782 cc,106 ,85.0,https://www.epey.com/motosiklet/honda-crossrunner.html
BMW R 1200 RS Dynamic Package,,Sport,1170 cc,125 ,85.0,https://www.epey.com/motosiklet/bmw-r-1200-rs.html
BMW R 1200 RS Dynamic Package Quick Shifter,,Sport,1170 cc,125 ,85.0,https://www.epey.com/motosiklet/bmw-r-1200-rs-dynamic-package-quick-shifter.html
BMW R 1200 RS Dynamic Style Package,,Sport,1170 cc,125 ,85.0,https://www.epey.com/motosiklet/bmw-r-1200-rs-dynamic-style-package.html
BMW R 1200 RS Dynamic Style Package Quick Shifter,,Sport,1170 cc,125 ,85.0,https://www.epey.com/motosiklet/bmw-r-1200-rs-dynamic-style-package-quick-shifter.html
Kawasaki ZX-6R 636,,Racing,636 cc,137.0 ,85.0,https://www.epey.com/motosiklet/kawasaki-zx-6r-636.html
Triumph Daytona 675 ABS,,Sport,675 cc,128 ,85.0,https://www.epey.com/motosiklet/triumph-daytona-675-abs.html
Triumph Daytona 675R,,Sport,675 cc,128 ,85.0,https://www.epey.com/motosiklet/triumph-daytona-675r.html
Yamaha Tracer 900,,Sport,847 cc,115 ,85.0,https://www.epey.com/motosiklet/yamaha-tracer-900.html
Yamaha Fazer 8 ABS,,Naked,779 cc,106 ,85.0,https://www.epey.com/motosiklet/yamaha-fazer-8-abs.html
Yamaha YZF-R6,,Racing,599 cc,124 ,84.0,https://www.epey.com/motosiklet/yamaha-yzf-r6.html
Suzuki V-Strom 1000 ABS,,Adventure,1037 cc,100 ,84.0,https://www.epey.com/motosiklet/suzuki-v-strom-1000abs.html
Yamaha MT-09,,Naked,847 cc,115 ,84.0,https://www.epey.com/motosiklet/yamaha-mt-09.html
Honda CTX 1300,,Touring,1261 cc,84.3 ,84.0,https://www.epey.com/motosiklet/honda-ctx-1300.html
Yamaha XSR900 ABS,,Touring,847 cc,115 ,84.0,https://www.epey.com/motosiklet/yamaha-xsr900-abs.html
Kawasaki Z800 Sugomi,,Touring,806 cc,113 ,84.0,https://www.epey.com/motosiklet/kawasaki-z800-sugomi.html
Honda CBR 600RR,,Racing,599 cc,120 ,84.0,https://www.epey.com/motosiklet/honda-cbr-600rr.html
Kawasaki Z800E ABS,,Touring,806 cc,95.0 ,84.0,https://www.epey.com/motosiklet/kawasaki-z800e-abs.html
Yamaha Fazer 8,,Naked,779 cc,106 ,83.0,https://www.epey.com/motosiklet/yamaha-fazer-8.html
Triumph Street Triple ABS,,Naked,675 cc,106 ,83.0,https://www.epey.com/motosiklet/triumph-street-triple-abs.html
Triumph Street Triple R ABS,,Naked,675 cc,106 ,83.0,https://www.epey.com/motosiklet/triumph-street-triple-r-abs.html
Kawasaki Z800,,Touring,806 cc,113 ,83.0,https://www.epey.com/motosiklet/kawasaki-z800.html
Suzuki GSX-R600,,Racing,599 cc,126 ,83.0,https://www.epey.com/motosiklet/suzuki-gsx-r600.html
Triumph Tiger 800 XRt,,Adventure,800 cc,95.0 ,82.0,https://www.epey.com/motosiklet/triumph-tiger-800-xrt.html
Triumph Tiger 800 XCA,,Adventure,800 cc,95.0 ,82.0,https://www.epey.com/motosiklet/triumph-tiger-800-xca.html
Kawasaki Z800E,,Touring,806 cc,95.0 ,82.0,https://www.epey.com/motosiklet/kawasaki-z800e.html
Triumph Thunderbird,,Chopper,1597 cc,86.0 ,82.0,https://www.epey.com/motosiklet/triumph-thunderbird.html
KTM 1050 ADVENTURE,,Adventure,1050 cc,95.0 ,82.0,https://www.epey.com/motosiklet/ktm-1050-adventure.html
BMW S 1000 XR Dynamic Package,,Sport,999 cc,160.0 ,92.0,https://www.epey.com/motosiklet/bmw-s-1000-xr.html
BMW S 1000 XR Dynamic Package Design Wheels,,Sport,999 cc,160.0 ,92.0,https://www.epey.com/motosiklet/bmw-s-1000-xr-dynamic-package-design-wheels.html
BMW S 1000 XR Dynamic Package Low Suspension,,Sport,999 cc,160.0 ,92.0,https://www.epey.com/motosiklet/bmw-s-1000-xr-dynamic-package-low-suspension.html
Aprilia TUONO V4 1100,,Racing,1077 cc,175.0 ,91.0,https://www.epey.com/motosiklet/aprilia-tuono-v4-1100.html
Aprilia TUONO V4 FACTORY 1100,,Racing,1077 cc,175.0 ,91.0,https://www.epey.com/motosiklet/aprilia-tuono-v4-factory-1100.html
Yamaha MT-10 SP ABS,,Naked,998 cc,160.4 ,91.0,https://www.epey.com/motosiklet/yamaha-mt-10-sp-abs.html
BMW S 1000 R Sport Package,,Naked,999 cc,160.0 ,91.0,https://www.epey.com/motosiklet/bmw-s-1000-r-sport-package.html
BMW S 1000 R Dynamic Package,,Naked,999 cc,160.0 ,91.0,https://www.epey.com/motosiklet/bmw-s-1000-r-dynamic-package.html
Kawasaki ZX10R KRT,,Racing,998 cc,210 ,91.0,https://www.epey.com/motosiklet/kawasaki-zx10r-krt.html
Kawasaki NINJA ZX-10R WINTER TEST EDITION,,Racing,998 cc,210 ,91.0,https://www.epey.com/motosiklet/kawasaki-ninja-zx-10r-winter-test-edition.html
Suzuki GSX-R1000,,Racing,999 cc,185.0 ,91.0,https://www.epey.com/motosiklet/suzuki-gsx-r1000.html
Harley Davidson CVO Limited,,Touring,1801 cc,96.5 ,91.0,https://www.epey.com/motosiklet/harley-davidson-cvo-limited.html
Honda VFR1200X Crosstourer,,Adventure,1237 cc,129 ,91.0,https://www.epey.com/motosiklet/honda-crosstourer.html
Honda VFR1200X Crosstourer DCT,,Adventure,1237 cc,129 ,91.0,https://www.epey.com/motosiklet/honda-vfr1200x-crosstourer-dct.html
Suzuki GSX-R1000R,,Racing,1000 cc,202 ,90.0,https://www.epey.com/motosiklet/suzuki-gsx-r1000r.html
Triumph Tiger Explorer,,Adventure,1215 cc,137.0 ,90.0,https://www.epey.com/motosiklet/triumph-tiger-explorer.html
Triumph Tiger Explorer XC,,Adventure,1215 cc,137.0 ,90.0,https://www.epey.com/motosiklet/triumph-tiger-explorer-xc.html
Kawasaki Z1000 ABS,,Touring,1043 cc,142.0 ,90.0,https://www.epey.com/motosiklet/kawasaki-z1000-abs.html
Kawasaki Z1000 Sugomi,,Touring,1043 cc,142 ,90.0,https://www.epey.com/motosiklet/kawasaki-z1000-sugomi.html
Triumph Trophy SE,,Touring,1215 cc,132.0 ,89.0,https://www.epey.com/motosiklet/triumph-trophy-se.html
Yamaha FJR1300AE,,Touring,1298 cc,146.2 ,89.0,https://www.epey.com/motosiklet/yamaha-fjr1300ae.html
Kawasaki Z1000,,Touring,1043 cc,142.0 ,89.0,https://www.epey.com/motosiklet/kawasaki-z1000.html
BMW K 1300 S Special Model,,Sport,1293 cc,175.0 ,89.0,https://www.epey.com/motosiklet/bmw-k-1300-s.html
Kawasaki ZX10R,,Racing,998 cc,210 ,89.0,https://www.epey.com/motosiklet/kawasaki-zx10r.html
Triumph Speed Triple ABS,,Naked,1050 cc,135.0 ,88.0,https://www.epey.com/motosiklet/triumph-speed-triple-abs.html
Aprilia CAPONORD 1200 RALLY,,Enduro,1197 cc,125 ,88.0,https://www.epey.com/motosiklet/aprilia-caponord-1200-rally.html
Suzuki Intruder VZR1800BZ,,Chopper,1783 cc,125 ,88.0,https://www.epey.com/motosiklet/suzuki-intruder-vzr1800bz.html
Kawasaki Z1000SX,,Touring,1043 cc,142.0 ,88.0,https://www.epey.com/motosiklet/kawasaki-z1000sx.html
BMW R 1200 GS Adventure TR Package,,Adventure,1170 cc,125 ,88.0,https://www.epey.com/motosiklet/bmw-r-1200-gs-adventure-tr-package.html
Kawasaki Z900,,Naked,948 cc,125 ,87.0,https://www.epey.com/motosiklet/kawasaki-z900.html
Kawasaki KLZ1000 (Versys),,Enduro,1043 cc,118 ,87.0,https://www.epey.com/motosiklet/kawasaki-klz1000-versys.html
Yamaha XT1200Z Super Tenere,,Adventure,1199 cc,112 ,87.0,https://www.epey.com/motosiklet/yamaha-xt1200z-super-tenere.html
Yamaha XT1200ZE Super Tenere,,Adventure,1199 cc,112 ,87.0,https://www.epey.com/motosiklet/yamaha-xt1200ze-super-tenere.html
Aprilia CAPONORD 1200,,Enduro,1197 cc,125 ,87.0,https://www.epey.com/motosiklet/aprilia-caponord-1200.html
Triumph Tiger Sport,,Adventure,1050 cc,125 ,87.0,https://www.epey.com/motosiklet/triumph-tiger-sport.html
BMW R 1200 RT Dynamic Package,,Touring,1170 cc,125 ,87.0,https://www.epey.com/motosiklet/bmw-r-1200-rt.html
BMW R 1200 RT Dynamic Package Quick Shifter,,Touring,1170 cc,125 ,87.0,https://www.epey.com/motosiklet/bmw-r-1200-rt-dynamic-package-quick-shifter.html
Yamaha MT-10,,Naked,998 cc,160.4 ,86.0,https://www.epey.com/motosiklet/yamaha-mt-10.html
BMW R Nine T Special Edition,,Naked,1170 cc,110 ,86.0,https://www.epey.com/motosiklet/bmw-r-nine-t-special-edition.html
Kawasaki ZX-6R 636 ABS,,Racing,636 cc,137.0 ,86.0,https://www.epey.com/motosiklet/kawasaki-zx-6r-636-abs.html
Suzuki Intruder VZR1800,,Chopper,1783 cc,125 ,86.0,https://www.epey.com/motosiklet/suzuki-intruder-vzr1800.html
Kawasaki Ninja H2 Carbon,,Racing,998 cc,205 ,86.0,https://www.epey.com/motosiklet/kawasaki-ninja-h2-carbon.html
Yamaha MT-09 Tracer,,Naked,847 cc,115 ,86.0,https://www.epey.com/motosiklet/yamaha-mt-09-tracer.html
Kawasaki Ninja ZX-10RR,,Racing,998 cc,200 ,85.0,https://www.epey.com/motosiklet/kawasaki-ninja-zx-10rr.html
BMW R 1200 GS Comfort Package Alum. Wheels,,Adventure,1170 cc,125 ,85.0,https://www.epey.com/motosiklet/bmw-r-1200-gs-comfort-package-alum-wheels.html
BMW R 1200 GS Comfort Package Spoke Wheels,,Adventure,1170 cc,125 ,85.0,https://www.epey.com/motosiklet/bmw-r-1200-gs-comfort-package-spoke-wheels.html
BMW R 1200 GS Touring Package Alum. Wheels,,Adventure,1170 cc,125 ,85.0,https://www.epey.com/motosiklet/bmw-r-1200-gs-touring-package-alum-wheels.html
BMW R 1200 GS Touring Package Alum. Wheels Low Suspension,,Adventure,1170 cc,125 ,85.0,https://www.epey.com/motosiklet/bmw-r-1200-gs-touring-package-alum-wheels-low-suspension.html
BMW R 1200 GS Touring Package Spoke Wheels,,Adventure,1170 cc,125 ,85.0,https://www.epey.com/motosiklet/bmw-r-1200-gs-touring-package-spoke-wheels.html
BMW R 1200 GS Touring Package Spoke Wheels Low Suspension,,Adventure,1170 cc,125 ,85.0,https://www.epey.com/motosiklet/bmw-r-1200-gs-touring-package-spoke-wheels-low-suspension.html
BMW R 1200 GS Dynamic Package Alum. Wheels,,Adventure,1170 cc,125 ,85.0,https://www.epey.com/motosiklet/bmw-r-1200-gs-dynamic-package-alum-wheels.html
BMW R 1200 GS Dynamic Package Alum. Wheels Low Suspension,,Adventure,1170 cc,125 ,85.0,https://www.epey.com/motosiklet/bmw-r-1200-gs-dynamic-package-alum-wheels-low-suspension.html
BMW R 1200 GS Dynamic Package Spoke Wheels,,Adventure,1170 cc,125 ,85.0,https://www.epey.com/motosiklet/bmw-r-1200-gs-dynamic-package-spoke-wheels.html
BMW R 1200 GS Dynamic Package Spoke Wheels Low Suspension,,Adventure,1170 cc,125 ,85.0,https://www.epey.com/motosiklet/bmw-r-1200-gs-dynamic-package-spoke-wheels-low-suspension.html
Kawasaki ZZR1400 Performance Sport,,Racing,1441 cc,200.0 ,85.0,https://www.epey.com/motosiklet/kawasaki-zzr1400-performance-sport.html
Kawasaki ZZR1400,,Racing,1441 cc,200.0 ,85.0,https://www.epey.com/motosiklet/kawasaki-zzr1400.html
Aprilia DORSODURO 1200,,Naked,1197 cc,130.0 ,85.0,https://www.epey.com/motosiklet/aprilia-dorsoduro-1200.html
Suzuki GSX 1250F ABS,,Sport,1255 cc,97.9 ,85.0,https://www.epey.com/motosiklet/suzuki-gsx-1250f-abs.html
Kawasaki Z800 Sugomi ABS,,Touring,806 cc,113 ,85.0,https://www.epey.com/motosiklet/kawasaki-z800-sugomi-abs.html
Kawasaki Z800 ABS,,Touring,806 cc,113 ,85.0,https://www.epey.com/motosiklet/kawasaki-z800-abs.html
Vespa GTS 250,,Scooter,244 cc,21.3 ,30.0,https://www.epey.com/motosiklet/vespa-gts-250.html
Yamaha X-City 250,,Scooter,249.8 cc,20.9 ,30.0,https://www.epey.com/motosiklet/yamaha-x-city-250.html
Yamaha X-MAX 250,,Scooter,249 cc,20.1 ,30.0,https://www.epey.com/motosiklet/yamaha-x-max-250.html
Yamaha X-MAX 250 Momodesign,,Scooter,249 cc,20.1 ,30.0,https://www.epey.com/motosiklet/yamaha-x-max-250-momodesign.html
Mondial 180 Z-ONE S,,Touring,179 cc,15.4 ,30.0,https://www.epey.com/motosiklet/mondial-180-z-one-s.html
Mondial RX3i Evo ABS/Euro4,,Enduro,250 cc,-,30.0,https://www.epey.com/motosiklet/mondial-rx3i-evo-abs-euro4.html
Asya Major 250,,Touring,223 cc,17.6 ,29.0,https://www.epey.com/motosiklet/asya-major-250.html
Yuki QM250T Maximum,,Scooter,249 cc,18.7 ,29.0,https://www.epey.com/motosiklet/yuki-qm250t-maximum.html
Kuba SUPERLIGHT 200,,Chopper,197 cc,12.7 ,29.0,https://www.epey.com/motosiklet/kuba-superlight-200.html
Aprilia RS4 125,,Racing,124.8 cc,15.6 ,29.0,https://www.epey.com/motosiklet/aprilia-rs4-125.html
KTM 125 DUKE ABS,,Naked,124.7 cc,15.0 ,28.0,https://www.epey.com/motosiklet/ktm-125-duke-abs.html
KTM 200 DUKE,,Naked,199.5 cc,26.0 ,28.0,https://www.epey.com/motosiklet/ktm-200-duke.html
RKS K-Light 202,,Chopper,197 cc,12.87 ,28.0,https://www.epey.com/motosiklet/rks-k-light-202.html
Kanuni GT 170,,Commuter,170 cc,12.0 ,28.0,https://www.epey.com/motosiklet/kanuni-gt-170.html
Hero Karizma,,Naked,223 cc,19.5 ,28.0,https://www.epey.com/motosiklet/hero-karizma.html
Lifan LF200-16C,,Touring,197 cc,15.0 ,28.0,https://www.epey.com/motosiklet/lifan-lf200-16c.html
KTM RC 200,,Sport,199.5 cc,26.0 ,28.0,https://www.epey.com/motosiklet/ktm-rc-200.html
Yuki YB250ZKT Optimus,,Scooter,249 cc,18.0 ,28.0,https://www.epey.com/motosiklet/yuki-yb250zkt-optimus.html
Bajaj Pulsar NS 150,,Naked,149.5 cc,17 ,28.0,https://www.epey.com/motosiklet/bajaj-pulsar-ns-150.html
CF MOTO 250 NK,,Touring,249 cc,-,28.0,https://www.epey.com/motosiklet/cf-moto-250-nk.html
Lifan KP150,,Touring,158 cc,12.4 ,28.0,https://www.epey.com/motosiklet/lifan-kp150.html
Hero Hunk 150 CC 15.6 HP,,Commuter,150 cc,15.6 ,28.0,https://www.epey.com/motosiklet/hero-hunk-150-cc-15-6-hp.html
Bajaj Pulsar NS 160,,-,160.3 cc,15.5 ,27.0,https://www.epey.com/motosiklet/bajaj-pulsar-ns-160.html
Mondial Buccaneer 250i,,-,250 cc,-,27.0,https://www.epey.com/motosiklet/mondial-buccaneer-250i.html
Hero T-SPORTS,,Naked,149.2 cc,15.8 ,27.0,https://www.epey.com/motosiklet/hero-t-sports.html
Asya Rx 250 Cross,,Cross,249 cc,18.0 ,27.0,https://www.epey.com/motosiklet/asya-rx-250-cross.html
Yamaha MT-125,,Naked,124.7 cc,15.0 ,27.0,https://www.epey.com/motosiklet/yamaha-mt-125.html
Yamaha YZF-R125,,Racing,124.7 cc,15.0 ,27.0,https://www.epey.com/motosiklet/yamaha-yzf-r125.html
Bajaj Pulsar AS 150,,Naked,149.5 cc,16.8 ,27.0,https://www.epey.com/motosiklet/bajaj-pulsar-as-150.html
Mondial 150 MR Vulture,,Touring,162 cc,14.0 ,27.0,https://www.epey.com/motosiklet/mondial-150-mr-vulture.html
Bajaj Pulsar NS 200,,Naked,199.5 cc,24.4 ,35.0,https://www.epey.com/motosiklet/bajaj-pulsar-200-ns.html
Honda NSS300A Forza ABS,,Scooter,279 cc,25.8 ,35.0,https://www.epey.com/motosiklet/honda-nss300a-forza-abs.html
Kawasaki Ninja 250SL ABS,,Touring,249 cc,28.0 ,35.0,https://www.epey.com/motosiklet/kawasaki-ninja-250sl-abs.html
Daelim Daystar 250,,Chopper,247 cc,25.0 ,34.0,https://www.epey.com/motosiklet/daelim-daystar-250.html
Husqvarna TE125,,Enduro,124.8 cc,34.8 ,34.0,https://www.epey.com/motosiklet/husqvarna-te125.html
Bajaj Dominar D250,,Racing,248.77 cc,27.0 ,34.0,https://www.epey.com/motosiklet/bajaj-dominar-d250.html
Suzuki Inazuma GW250,,Naked,248 cc,24.0 ,34.0,https://www.epey.com/motosiklet/suzuki-inazuma-gw250.html
Suzuki Inazuma F,,Naked,248 cc,24.0 ,34.0,https://www.epey.com/motosiklet/suzuki-inazuma-f.html
Honda NSS300 Forza,,Scooter,279 cc,25.8 ,33.0,https://www.epey.com/motosiklet/honda-nss300-forza.html
KTM 250 DUKE ABS,,Naked,248.8 cc,31.0 ,33.0,https://www.epey.com/motosiklet/ktm-250-duke-abs.html
Aprilia SR MAX 300,,Scooter,278 cc,22.0 ,33.0,https://www.epey.com/motosiklet/aprilia-sr-max-300.html
Lifan LF250 - 4,,Chopper,233 cc,16.7 ,32.0,https://www.epey.com/motosiklet/lifan-lf250-4.html
Daelim S3 Advance 250,,Scooter,247 cc,25.0 ,32.0,https://www.epey.com/motosiklet/daelim-s3-advance-250.html
Honda CRF 250L,,Adventure,250 cc,23.0 ,32.0,https://www.epey.com/motosiklet/honda-crf-250l.html
RKS Titanium 220,,Commuter,199.7 cc,16.22 ,32.0,https://www.epey.com/motosiklet/rks-titanium-220.html
SYM Wolf SB 250 Ni,,Commuter,249.4 cc,24.6 ,32.0,https://www.epey.com/motosiklet/sym-wolf-sb-250-ni.html
Vespa GTS SUPER 300 I.E.,,Scooter,278 cc,22.0 ,31.0,https://www.epey.com/motosiklet/vespa-gts-super-300-i-e.html
SYM Joymax 250i,,Scooter,249 cc,23.0 ,31.0,https://www.epey.com/motosiklet/sym-joymax-250i.html
Benelli Zafferano,,Scooter,249.8 cc,20.7 ,31.0,https://www.epey.com/motosiklet/benelli-zafferano.html
Falcon Freedom 250,,-,223 cc,18 ,31.0,https://www.epey.com/motosiklet/falcon-freedom-250.html
Kymco XCITING 250Ri,,Scooter,249 cc,21.7 ,31.0,https://www.epey.com/motosiklet/kymco-xciting-250ri.html
RKS Winner 200,,Cross,199.7 cc,16.22 ,31.0,https://www.epey.com/motosiklet/rks-winner-200.html
SYM GTS Evo 250i,,Scooter,249 cc,23.0 ,31.0,https://www.epey.com/motosiklet/sym-gts-evo-250i.html
Regal Raptor Daytona 350,,Chopper,349 cc,24.0 ,31.0,https://www.epey.com/motosiklet/regal-raptor-daytona-350.html
Yamaha X-MAX 250 ABS,,Scooter,249 cc,20.1 ,31.0,https://www.epey.com/motosiklet/yamaha-x-max-250-abs.html
Piaggio XEVO 250,,Scooter,244 cc,22.0 ,31.0,https://www.epey.com/motosiklet/piaggio-xevo-250.html
Regal Raptor Spyder 350,,Chopper,349 cc,24.0 ,31.0,https://www.epey.com/motosiklet/regal-raptor-spyder-350.html
Kawasaki KLX250,,Enduro,249 cc,22.0 ,31.0,https://www.epey.com/motosiklet/kawasaki-klx250.html
Lifan LF250 - B,,Chopper,248.9 cc,18.0 ,31.0,https://www.epey.com/motosiklet/lifan-lf250-b.html
Kawasaki KX450F,,Cross,249 cc,22.0 ,31.0,https://www.epey.com/motosiklet/kawasaki-kx450f.html
Regal Raptor SPYDER 250,,Klasik,249 cc,18.0 ,25.0,https://www.epey.com/motosiklet/regal-raptor-spyder-250.html
Regal Raptor Daytona 250,,Chopper,249 cc,18.0 ,25.0,https://www.epey.com/motosiklet/regal-raptor-daytona-250.html
CF MOTO 150 NK,,Naked,149.4 cc,12 ,25.0,https://www.epey.com/motosiklet/cf-moto-150-nk.html
Mondial 150 SENTOR,,Touring,149 cc,11.6 ,25.0,https://www.epey.com/motosiklet/mondial-150-sentor.html
LİFAN 250 - B,,Chopper,248.9 cc,13.5 ,25.0,https://www.epey.com/motosiklet/lifan-250.html
Regal Raptor Klasik 250,,Klasik,250 cc,18.0 ,25.0,https://www.epey.com/motosiklet/regal-raptor-klasik-250.html
Kawasaki DTracker,,Cross,144 cc,12 ,25.0,https://www.epey.com/motosiklet/kawasaki-dtracker.html
Lifan Discovery 150,,Touring,149.4 cc,11.3 ,25.0,https://www.epey.com/motosiklet/lifan-discovery-150.html
Yuki FORZA 170,,Touring,169 cc,15.14 ,25.0,https://www.epey.com/motosiklet/yuki-forza-170.html
Mondial 150 Masti,,Touring,149 cc,12.0 ,25.0,https://www.epey.com/motosiklet/mondial-150-masti.html
Kanuni SEYHAN 150C,,Commuter,149.4 cc,11.9 ,25.0,https://www.epey.com/motosiklet/kanuni-seyhan-150c.html
Bajaj Discover 125 ST,,Commuter,124.6 cc,13.0 ,25.0,https://www.epey.com/motosiklet/bajaj-discover-125-st.html
SYM HD2 200i,,Scooter,171.2 cc,15.2 ,25.0,https://www.epey.com/motosiklet/sym-hd2-200i.html
Asya Armada 250,,Scooter,250 cc,14.0 ,24.0,https://www.epey.com/motosiklet/asya-armada-250.html
Kanuni PUMA 150,,Commuter,147 cc,11.5 ,24.0,https://www.epey.com/motosiklet/kanuni-puma-150.html
Falcon Desert 277,,Cross,199 cc,14 ,24.0,https://www.epey.com/motosiklet/falcon-desert-277.html
Lifan EAGLE 125,,Scooter,124.65 cc,8.0 ,24.0,https://www.epey.com/motosiklet/lifan-eagle-125.html
KTM 300 EXC,,Enduro,293.2 cc,-,24.0,https://www.epey.com/motosiklet/ktm-300-exc.html
KTM 300 EXC SIX DAYS,,Enduro,293.2 cc,-,24.0,https://www.epey.com/motosiklet/ktm-300-exc-six-days.html
Mondial 150 MG Superboy-x,,Touring,149 cc,12.0 ,24.0,https://www.epey.com/motosiklet/mondial-150-mg-superboy-x.html
Yuki YK 150-G Üstad,,Touring,149 cc,12.0 ,24.0,https://www.epey.com/motosiklet/yuki-yk-150-g-ustad.html
Yamaha NMAX 155 ABS,,Scooter,155 cc,15.1 ,24.0,https://www.epey.com/motosiklet/yamaha-nmax-155-abs.html
Yamaha Tricity 155 ABS,,Scooter,155 cc,15.1 ,24.0,https://www.epey.com/motosiklet/yamaha-tricity-155-abs.html
Honda PS 150,,Scooter,153 cc,15.8 ,24.0,https://www.epey.com/motosiklet/honda-ps-150.html
Haojue HJ150-9,,Commuter,150 cc,11.0 ,24.0,https://www.epey.com/motosiklet/haojue-hj150-9.html
Derbi STX 150,,Naked,149 cc,12.0 ,24.0,https://www.epey.com/motosiklet/derbi-stx-150.html
Mondial 150 KT,,Touring,149 cc,11.5 ,24.0,https://www.epey.com/motosiklet/mondial-150-kt.html
Benelli TNT 125,,Commuter,124.7 cc,11.2 ,24.0,https://www.epey.com/motosiklet/benelli-tnt-125.html
Bajaj Avenger 150 Street,,Chopper,150 cc,14.54 ,24.0,https://www.epey.com/motosiklet/bajaj-avenger-150-street.html
Yuki TN150-3A Driver,,Touring,162 cc,13.94 ,24.0,https://www.epey.com/motosiklet/yuki-tn150-3a-driver.html
CF MOTO 400 NK,,Naked,400 cc,41 ,52.0,https://www.epey.com/motosiklet/cf-moto-400-nk.html
Kawasaki VERSYS-X 300,,Enduro,296 cc,40 ,48.0,https://www.epey.com/motosiklet/kawasaki-versys-x-300.html
Harley Davidson 1200 Custom,,Chopper,1202 cc,-,47.0,https://www.epey.com/motosiklet/harley-davidson-1200-custom.html
Harley Davidson SuperLow 1200T,,Chopper,1202 cc,-,47.0,https://www.epey.com/motosiklet/harley-davidson-superlow-1200t.html
Honda CBR650R,,Sport,649 cc,-,47.0,https://www.epey.com/motosiklet/honda-cbr650r.html
Honda NC 750X,,Touring,745 cc,-,46.0,https://www.epey.com/motosiklet/honda-nc-750x-2.html
Kawasaki Z300,,Naked,296 cc,39 ,46.0,https://www.epey.com/motosiklet/kawasaki-z300.html
Kawasaki Ninja 300 KRT,,Naked,296 cc,39 ,46.0,https://www.epey.com/motosiklet/kawasaki-ninja-300-krt-2.html
Bajaj Dominar 400,,Naked,373.3 cc,35 ,46.0,https://www.epey.com/motosiklet/bajaj-dominar-400.html
Honda NC 750X DCT,,Touring,745 cc,-,46.0,https://www.epey.com/motosiklet/honda-nc-750x-dct.html
Suzuki GSX-S1000A,,Sport,999 cc,-,45.0,https://www.epey.com/motosiklet/suzuki-gsx-s1000a.html
Suzuki GSX-S1000FA,,Sport,999 cc,-,45.0,https://www.epey.com/motosiklet/suzuki-gsx-s1000fa.html
Kawasaki Ninja300 ABS,,Touring,296 cc,39.0 ,45.0,https://www.epey.com/motosiklet/kawasaki-ninja300-abs.html
Harley Davidson Forty - Eight,,Chopper,1202 cc,-,45.0,https://www.epey.com/motosiklet/harley-davidson-forty-eight.html
Kawasaki Z300 ABS,,Naked,296 cc,39 ,45.0,https://www.epey.com/motosiklet/kawasaki-z300-abs.html
CF MOTO 650 NK,,Naked,649 cc,-,44.0,https://www.epey.com/motosiklet/cf-moto-650-nk.html
Kawasaki Ninja300,,Touring,296 cc,39.0 ,44.0,https://www.epey.com/motosiklet/kawasaki-ninja300.html
Harley Davidson SuperLow,,Chopper,883 cc,-,43.0,https://www.epey.com/motosiklet/harley-davidson-superlow.html
KTM 390 DUKE,,Naked,373.2 cc,43 ,43.0,https://www.epey.com/motosiklet/ktm-390-duke-abs.html
Yamaha MT-25,,Naked,249 cc,36 ,43.0,https://www.epey.com/motosiklet/yamaha-mt-25.html
Suzuki GSX-R750,,Racing,750 cc,-,43.0,https://www.epey.com/motosiklet/suzuki-gsx-r750.html
Kymco XCITING 400i,,Scooter,399.6 cc,35.5 ,43.0,https://www.epey.com/motosiklet/kymco-xciting-400i.html
KTM RC 390 ABS,,Sport,373.2 cc,44.0 ,43.0,https://www.epey.com/motosiklet/ktm-rc-390-abs.html
Suzuki Burgman 400Z ABS Limited,,Scooter,400 cc,32.6 ,42.0,https://www.epey.com/motosiklet/suzuki-burgman-400z-abs-limited.html
Yamaha X-MAX 400 ABS,,Scooter,395 cc,31.0 ,42.0,https://www.epey.com/motosiklet/yamaha-x-max-400-abs.html
Yamaha YZF-R25,,Racing,250 cc,36.0 ,42.0,https://www.epey.com/motosiklet/yamaha-yzf-r25.html
SYM MAXSYM 400i,,Scooter,399 cc,32.8 ,41.0,https://www.epey.com/motosiklet/maxsym-400i.html
Benelli TNT 250,,Naked,249.6 cc,31.5 ,41.0,https://www.epey.com/motosiklet/benelli-tnt-250.html
Piaggio Beverly Sport Touring 350,,Scooter,330 cc,33.3 ,41.0,https://www.epey.com/motosiklet/piaggio-beverly-sport-touring-350.html
KTM 350 EXC-F,,Enduro,349.7 cc,45.0 ,41.0,https://www.epey.com/motosiklet/ktm-350-exc-f.html
SYM Cruisym 250i,,Scooter,249 cc,21.7 ,27.0,https://www.epey.com/motosiklet/sym-cruisym-250i.html
Aprilia SCARABEO 200 i.e.,,Scooter,181 cc,19.0 ,27.0,https://www.epey.com/motosiklet/aprilia-scarabeo-200-i-e.html
Piaggio X10 350,,Scooter,-,33.3 ,27.0,https://www.epey.com/motosiklet/piaggio-x10-350.html
Hero THRILLER,,Naked,149.2 cc,"14,5",26.0,https://www.epey.com/motosiklet/hero-thriller.html
Kanuni S170T,,Commuter,170 cc,12.5 ,26.0,https://www.epey.com/motosiklet/kanuni-s170t.html
Yuki Scram 170,,Touring,169 cc,12.46 ,26.0,https://www.epey.com/motosiklet/yuki-scram-170.html
Kanuni GV 170,,Commuter,170 cc,12.2 ,26.0,https://www.epey.com/motosiklet/kanuni-gv-170.html
Honda CBR 125R,,Racing,124.7 cc,13.3 ,26.0,https://www.epey.com/motosiklet/honda-cbr-125r.html
Mondial 150 Z-ONE,,Touring,149 cc,10.4 ,26.0,https://www.epey.com/motosiklet/mondial-150-z-one.html
Bajaj Discover 150 F,,Commuter,144.8 cc,14.5 ,26.0,https://www.epey.com/motosiklet/bajaj-discover-150-f.html
Kuba CR1,,Touring,150.06 cc,11.4 ,26.0,https://www.epey.com/motosiklet/kuba-cr1.html
Yamaha WR125X,,Adventure,124.7 cc,15.0 ,26.0,https://www.epey.com/motosiklet/yamaha-wr125x.html
Yamaha MT-125 (2020),,Naked,124 cc,15.0 ,26.0,https://www.epey.com/motosiklet/yamaha-mt-125-2020.html
Yuki YK 150-9 Goldfox-S,,Touring,162.4 cc,14.0 ,26.0,https://www.epey.com/motosiklet/yuki-yk-150-9-goldfox-s.html
Yuki YK 150-9 Goldfox,,Touring,162.4 cc,14.0 ,26.0,https://www.epey.com/motosiklet/yuki-yk-150-9-goldfox.html
Mondial X-Treme Max 250,,Enduro,250 cc,-,26.0,https://www.epey.com/motosiklet/mondial-x-treme-max-250.html
Mondial 150 MCX Roadracer,,Touring,162 cc,13.4 ,26.0,https://www.epey.com/motosiklet/mondial-150-mcx-roadracer.html
Lifan SHALTER,,Cross,196.9 cc,14.0 ,26.0,https://www.epey.com/motosiklet/lifan-shalter.html
Yamaha XMAX 250,,Scooter,249 cc,-,26.0,https://www.epey.com/motosiklet/yamaha-xmax-250.html
Benelli BN 125,,Touring,124.7 cc,10.99 ,26.0,https://www.epey.com/motosiklet/benelli-bn-125.html
Honda Forza 250,,Scooter,249 cc,-,26.0,https://www.epey.com/motosiklet/honda-forza-250.html
Bajaj V15,,Commuter,150 cc,12.09 ,26.0,https://www.epey.com/motosiklet/bajaj-v15.html
Asya V-Raptor,,-,223 cc,15.0 ,25.0,https://www.epey.com/motosiklet/asya-v-raptor.html
Mondial 175 Masti x,,Touring,162 cc,12.7 ,25.0,https://www.epey.com/motosiklet/mondial-175-masti-x.html
Falcon Comfort 150,,Commuter,149.4 cc,11.9 ,25.0,https://www.epey.com/motosiklet/falcon-comfort-150.html
Honda CBF 150,,Commuter,149 cc,11.6 ,25.0,https://www.epey.com/motosiklet/honda-cbf-150.html
Mondial 125 MH Drift,,Touring,135 cc,12.7 ,25.0,https://www.epey.com/motosiklet/mondial-125-mh-drift.html
Bajaj Discover 150 S,,Naked,144.08 cc,14.5 ,25.0,https://www.epey.com/motosiklet/bajaj-discover-150-s.html
Mondial 125 MC Roadracer,,Touring,135 cc,12.7 ,25.0,https://www.epey.com/motosiklet/mondial-125-mc-roadracer.html
Yamaha WR125R,,Adventure,124.7 cc,15.0 ,25.0,https://www.epey.com/motosiklet/yamaha-wr125r.html
KTM 350 EXC-F SIX DAYS,,Enduro,349.7 cc,45.0 ,41.0,https://www.epey.com/motosiklet/ktm-350-exc-f-six-days.html
Harley Davidson Iron 883,,Chopper,883 cc,-,40.0,https://www.epey.com/motosiklet/harley-davidson-iron-883.html
Yamaha X-MAX 400,,Scooter,395 cc,31.0 ,40.0,https://www.epey.com/motosiklet/yamaha-x-max-400.html
Hyosung GT250R,,Racing,249 cc,28.0 ,39.0,https://www.epey.com/motosiklet/hyosung-gt250r.html
Suzuki V-Strom 650XT ABS,,Adventure,645 cc,-,39.0,https://www.epey.com/motosiklet/suzuki-v-strom-650xt-abs.html
Yamaha SR400,,Sport,399 cc,23.2 ,39.0,https://www.epey.com/motosiklet/yamaha-sr400.html
Suzuki Intruder C800,,Chopper,805 cc,-,39.0,https://www.epey.com/motosiklet/suzuki-intruder-c800.html
KTM RC 250,,Racing,248.8 cc,31.0 ,39.0,https://www.epey.com/motosiklet/ktm-rc-250.html
Suzuki SV650A,,Sport,645 cc,-,38.0,https://www.epey.com/motosiklet/suzuki-sv650a.html
Kawasaki Ninja 300 KRT,,Racing,296 cc,39 ,38.0,https://www.epey.com/motosiklet/kawasaki-ninja-300-krt.html
Benelli BN 251,,Touring,249.2 cc,25.47 ,38.0,https://www.epey.com/motosiklet/benelli-bn-251.html
Kawasaki Ninja 250SL,,Touring,249 cc,28.0 ,37.0,https://www.epey.com/motosiklet/kawasaki-ninja-250sl.html
Kawasaki J300 ABS,,Scooter,299 cc,28.0 ,37.0,https://www.epey.com/motosiklet/kawasaki-j300-abs.html
Kawasaki J300 Special Edition ABS,,Scooter,299 cc,28.0 ,37.0,https://www.epey.com/motosiklet/kawasaki-j300-special-edition-abs.html
Yuki YK250-21 R-Samurai,,Racing,249 cc,27.4 ,37.0,https://www.epey.com/motosiklet/yuki-yk250-21-r-samurai.html
Benelli TNT 25,,Naked,249 cc,24.8 ,37.0,https://www.epey.com/motosiklet/benelli-tnt-25.html
Mondial Rx3-S Evo,,Enduro,380 cc,-,37.0,https://www.epey.com/motosiklet/mondial-rx3-s-evo.html
Hyosung GV250,,Chopper,249 cc,25.5 ,37.0,https://www.epey.com/motosiklet/hyosung-gv250.html
Honda CBR 250R,,Racing,250 cc,27.0 ,37.0,https://www.epey.com/motosiklet/honda-cbr-250r.html
Kymco DOWNTOWN 300i,,Scooter,298.9 cc,29.3 ,36.0,https://www.epey.com/motosiklet/kymco-downtown-300i.html
Yamaha X-MAX 300 ABS,,Scooter,292 cc,27.6 ,36.0,https://www.epey.com/motosiklet/yamaha-x-max-300-abs.html
Yuki YG250NT - Naked,,Naked,249 cc,24.7 ,36.0,https://www.epey.com/motosiklet/yuki-yg250nt-naked.html
Kawasaki Z250SL,,Touring,249 cc,28.0 ,36.0,https://www.epey.com/motosiklet/kawasaki-z250sl.html
Kawasaki Z250SL ABS,,Touring,249 cc,28.0 ,36.0,https://www.epey.com/motosiklet/kawasaki-z250sl-abs.html
Daelim Roadwin 250R,,Racing,247 cc,25.0 ,36.0,https://www.epey.com/motosiklet/daelim-roadwin-250r.html
Kawasaki J300,,Scooter,299 cc,28.0 ,36.0,https://www.epey.com/motosiklet/kawasaki-j300.html
Kawasaki J300 Special Edition,,Scooter,299 cc,28.0 ,36.0,https://www.epey.com/motosiklet/kawasaki-j300-special-edition.html
Regal Raptor NAC 250,,-,249 cc,20.0 ,35.0,https://www.epey.com/motosiklet/regal-raptor-nac-250.html
Honda CB250R,,Naked,250 cc,27.6 ,35.0,https://www.epey.com/motosiklet/honda-cb250r.html
Bajaj Pulsar RS 200,,Racing,199.5 cc,24.4 ,35.0,https://www.epey.com/motosiklet/bajaj-pulsar-rs-200.html
SYM Joyride Evo 200i,,Scooter,171.2 cc,14.7 ,24.0,https://www.epey.com/motosiklet/sym-joyride-evo-200i.html
Bajaj Boxer 150,,Touring,144.8 cc,12.0 ,24.0,https://www.epey.com/motosiklet/bajaj-boxer-150.html
Salcano Cross,,Cross,223 cc,16.8 ,24.0,https://www.epey.com/motosiklet/salcano-cross.html
Kuba PLATINUM,,Touring,150 cc,12.1 ,23.0,https://www.epey.com/motosiklet/kuba-platinum.html
Lifan EM150L,,Touring,149 cc,10.9 ,23.0,https://www.epey.com/motosiklet/lifan-em150l.html
Kanuni WINDY S 125,,Commuter,124 cc,11.3 ,23.0,https://www.epey.com/motosiklet/kanuni-windy-s-125.html
Mondial 135 UAG,,Touring,135 cc,11.7 ,23.0,https://www.epey.com/motosiklet/mondial-135-uag.html
Lifan X-PLORE 200M,,Cross,197 cc,13.6 ,23.0,https://www.epey.com/motosiklet/lifan-x-plore-200m.html
Yamaha Xenter 150,,Scooter,150 cc,15.5 ,23.0,https://www.epey.com/motosiklet/yamaha-xenter.html
Honda PCX 150,,Scooter,153 cc,13.6 ,23.0,https://www.epey.com/motosiklet/honda-pcx-150.html
Haojue DA135-S,,Commuter,135 cc,11.0 ,23.0,https://www.epey.com/motosiklet/haojue-da135-s.html
Kawasaki KLX125,,Enduro,125 cc,10.3 ,23.0,https://www.epey.com/motosiklet/kawasaki-klx125.html
Kanuni Breton SL 125,,Commuter,125 cc,11.3 ,23.0,https://www.epey.com/motosiklet/breton-sl-125.html
Asya Elegant 150,,Touring,170 cc,14.2 ,23.0,https://www.epey.com/motosiklet/asya-elegant-150.html
Mondial X-Treme MAX 150,,Cross,149 cc,11.3 ,23.0,https://www.epey.com/motosiklet/mondial-x-treme-max.html
KTM RC 125 ABS,,Sport,124.7 cc,15.0 ,23.0,https://www.epey.com/motosiklet/ktm-rc-125-abs.html
Kawasaki KLX150L,,Enduro,144 cc,12.0 ,23.0,https://www.epey.com/motosiklet/kawasaki-klx150l.html
Lifan LION 125,,Touring,124 cc,11.0 ,23.0,https://www.epey.com/motosiklet/lifan-lion-125.html
Bisan TORNADO FKT150,,Touring,149.4 cc,9.8 ,23.0,https://www.epey.com/motosiklet/bisan-tornado-fkt150.html
Bisan SUNWAY FKS 125cc,,Touring,124.1 cc,10.6 ,22.0,https://www.epey.com/motosiklet/bisan-sunway-fks-125cc.html
KTM 250 EXC,,Enduro,249 cc,-,22.0,https://www.epey.com/motosiklet/ktm-250-exc.html
KTM 250 EXC SIX DAYS,,Enduro,249 cc,-,22.0,https://www.epey.com/motosiklet/ktm-250-exc-six-days.html
Kymco AGILITY 200i,,Scooter,163 cc,10.9 ,22.0,https://www.epey.com/motosiklet/kymco-agility-200i.html
Kanuni BRETON 125,,Commuter,124 cc,11.3 ,22.0,https://www.epey.com/motosiklet/kanuni-breton-125.html
Asya Swift-R 170,,Touring,170 cc,14.2 ,22.0,https://www.epey.com/motosiklet/asya-swift-r-170.html
Bisan ATLAS CGR 125cc,,Touring,124.1 cc,9.8 ,22.0,https://www.epey.com/motosiklet/bisan-atlas-cgr-125cc.html
Yuki YK 125-7D Apollo,,Touring,124 cc,10.7 ,22.0,https://www.epey.com/motosiklet/yuki-yk-125-7d-apollo.html
Yamaha NMAX 125 ABS,,Scooter,125 cc,12 ,22.0,https://www.epey.com/motosiklet/yamaha-nmax-125-abs.html
Kuba KB150 - 25,,Chopper,149 cc,11.5 ,22.0,https://www.epey.com/motosiklet/kuba-kb150-25.html
Asya Legend Wind 150,,Touring,170 cc,14.2 ,22.0,https://www.epey.com/motosiklet/asya-legend-wind-150.html
Bisan TOPRAK WRC 125cc,,Touring,124.1 cc,8.7 ,22.0,https://www.epey.com/motosiklet/bisan-toprak-wrc-125cc.html
Kuba BLACK CAT,,Cross,149 cc,11.2 ,22.0,https://www.epey.com/motosiklet/kuba-black-cat.html
Vespa 946,,Scooter,124 cc,12.0 ,22.0,https://www.epey.com/motosiklet/vespa-946.html
Asya Ultra 150,,Touring,149 cc,11.9 ,22.0,https://www.epey.com/motosiklet/asya-ultra-150.html
Kanuni Ronny S 150,,Scooter,149 cc,8.9 ,21.0,https://www.epey.com/motosiklet/kanuni-ronny-s-150.html
SYM Symphony ST 200i,,Scooter,169 cc,11.8 ,21.0,https://www.epey.com/motosiklet/sym-symphony-st-200i.html
Hero Glamour 125 CC 9.2 HP,,Commuter,125 cc,9.2 ,21.0,https://www.epey.com/motosiklet/hero-glamour-125-cc-9-2-hp.html
Husqvarna FS 450,,Racing,449.9 cc,-,21.0,https://www.epey.com/motosiklet/husqvarna-fs-450.html
Falcon Comfort 180,,Touring,149 cc,11.6 ,21.0,https://www.epey.com/motosiklet/falcon-comfort-180.html
Kawasaki KX250F,,Cross,249 cc,-,21.0,https://www.epey.com/motosiklet/kawasaki-kx250f.html
Bisan YAREN BSX 125cc,,Touring,124.1 cc,8.7 ,21.0,https://www.epey.com/motosiklet/bisan-yaren-bsx-125cc.html
Bisan YAREN 125T,,Touring,124.1 cc,8.7 ,21.0,https://www.epey.com/motosiklet/bisan-yaren-125t.html
Mondial Vulture i 125,,Touring,124.0 cc,-,21.0,https://www.epey.com/motosiklet/mondial-vulture-i-125.html
Suzuki RM-Z250,,Cross,249 cc,-,21.0,https://www.epey.com/motosiklet/suzuki-rm-z250.html
Mondial 150 Argent,,Scooter,150 cc,8.8 ,21.0,https://www.epey.com/motosiklet/mondial-150-argent.html
Mondial 150 Mash,,Scooter,150 cc,8.7 ,21.0,https://www.epey.com/motosiklet/mondial-150-mash.html
Mondial 100 MG Prince,,Touring,97 cc,9.1 ,21.0,https://www.epey.com/motosiklet/mondial-100-mg-prince.html
Yuki YK 100-2A Apollo,,Touring,97 cc,9.1 ,21.0,https://www.epey.com/motosiklet/yuki-yk-100-2a-apollo.html
Honda PCX 125,,Scooter,125 cc,11.7 ,21.0,https://www.epey.com/motosiklet/honda-pcx-125.html
RKS Cafe 152,,Chopper,150 cc,11.80 ,21.0,https://www.epey.com/motosiklet/rks-cafe-152.html
Mondial 150 ZNX,,Scooter,151.1 cc,6.6 ,21.0,https://www.epey.com/motosiklet/150-znx.html
Bisan TOPRAK WRC 100cc,,Touring,97.2 cc,7.6 ,21.0,https://www.epey.com/motosiklet/bisan-toprak-wrc-100cc.html
Salcano SB 150,,Touring,145 cc,11.0 ,21.0,https://www.epey.com/motosiklet/salcano-sb-150.html
Yuki YB150 Jumbo,,Scooter,149 cc,8.04 ,21.0,https://www.epey.com/motosiklet/yuki-yb150-jumbo.html
Lifan TRAVELLER 150,,Scooter,149.6 cc,9.3 ,21.0,https://www.epey.com/motosiklet/lifan-traveller-150.html
Falcon Wonder 150,,Commuter,149 cc,13 ,21.0,https://www.epey.com/motosiklet/falcon-wonder-150.html
Lifan PONY 100,,Cross,99.3 cc,7.7 ,21.0,https://www.epey.com/motosiklet/lifan-pony-100.html
SYM Fiddle III 200i,,Scooter,169 cc,11.8 ,20.0,https://www.epey.com/motosiklet/sym-fiddle-iii-200i.html
KTM 350 SX‑F,,Enduro,349.7 cc,-,20.0,https://www.epey.com/motosiklet/ktm-350-sxf.html
Yuki YK 150T-3 Adonis,,Scooter,144.6 cc,9.5 ,20.0,https://www.epey.com/motosiklet/yuki-yk-150t-3-adonis.html
Lifan LION 100,,Touring,98 cc,8.0 ,20.0,https://www.epey.com/motosiklet/lifan-lion-100.html
Dorado Corvus,,-,244 cc,13.4 ,20.0,https://www.epey.com/motosiklet/dorado-corvus.html
KTM 200 EXC,,Enduro,193 cc,-,20.0,https://www.epey.com/motosiklet/ktm-200-exc.html
Yuki YK150T-2 Magic,,Scooter,149.6 cc,9.5 ,20.0,https://www.epey.com/motosiklet/yuki-yk150t-2-magic.html
Honda MSX 125,,Naked,124.9 cc,9.8 ,20.0,https://www.epey.com/motosiklet/honda-msx-125.html
Vespa Primavera,,Scooter,154.8 cc,12.7 ,20.0,https://www.epey.com/motosiklet/vespa-primavera.html
Kymco AGILITY 125,,Scooter,125 cc,9.2 ,20.0,https://www.epey.com/motosiklet/kymco-agility-125.html
Daelim B-Bone,,Scooter,124 cc,11.5 ,20.0,https://www.epey.com/motosiklet/daelim-b-bone.html
Salcano Hunter,,Touring,138 cc,10.9 ,20.0,https://www.epey.com/motosiklet/salcano-hunter.html
Bisan ATLAS CGR 100,,Touring,97.2 cc,7.0 ,20.0,https://www.epey.com/motosiklet/bisan-atlas-cgr-100.html
Yuki Drag 200,,Touring,199 cc,12.46 ,20.0,https://www.epey.com/motosiklet/yuki-drag-200.html
Bisan YAREN BSX 100cc,,Touring,97.2 cc,7.0 ,20.0,https://www.epey.com/motosiklet/bisan-yaren-bsx-100cc.html
Bisan YAREN 100T,,Touring,97.2 cc,7.0 ,20.0,https://www.epey.com/motosiklet/bisan-yaren-100t.html
Kuba ÇITA 180-R Gold,,Klasik,189 cc,13.07 ,20.0,https://www.epey.com/motosiklet/kuba-cita-180-r-gold.html
Bajaj Pulsar NS 125,,Naked,124.4 cc,-,20.0,https://www.epey.com/motosiklet/bajaj-pulsar-ns-125.html
Bisan NYSA 150,,Scooter,149.6 cc,8.5 ,20.0,https://www.epey.com/motosiklet/bisan-nysa-150.html
Lifan GLINT 100,,Touring,99.3 cc,7.7 ,20.0,https://www.epey.com/motosiklet/lifan-glint-100.html
Salcano Attack,,Touring,145 cc,11.0 ,19.0,https://www.epey.com/motosiklet/salcano-attack.html
KTM 250 EXC‑F,,Enduro,249.91 cc,-,19.0,https://www.epey.com/motosiklet/ktm-250-excf.html
Kymco X-Town 125i,,Scooter,125 cc,-,19.0,https://www.epey.com/motosiklet/kymco-x-town-125i.html
Kymco PEOPLE ONE 125i,,Scooter,124 cc,9.3 ,19.0,https://www.epey.com/motosiklet/kymco-people-one-125i.html
Suzuki VAN VAN 200,,-,199 cc,-,19.0,https://www.epey.com/motosiklet/suzuki-van-van-200.html
Mondial 125 Ardour,,Scooter,124.6 cc,8.0 ,19.0,https://www.epey.com/motosiklet/mondial-125-ardour.html
Bisan TEOS 125,,Scooter,124.6 cc,7.6 ,19.0,https://www.epey.com/motosiklet/bisan-teos-125.html
Kanuni CS 125,,Scooter,124.5 cc,8.1 ,19.0,https://www.epey.com/motosiklet/kanuni-cs-125.html
Salcano Wolf,,Touring,124 cc,10.0 ,19.0,https://www.epey.com/motosiklet/salcano-wolf.html
Yuki YK-180M,,Touring,179 cc,12.0 ,19.0,https://www.epey.com/motosiklet/yuki-yk-180m.html
Salcano Runner,,Touring,147 cc,11.5 ,19.0,https://www.epey.com/motosiklet/salcano-runner.html
Falcon Crazy 125,,Commuter,124 cc,10.5 ,19.0,https://www.epey.com/motosiklet/falcon-crazy-125.html
Yamaha Cygnus X,,Scooter,125 cc,10.9 ,19.0,https://www.epey.com/motosiklet/yamaha-cygnus-x.html
Yamaha Crypton 115,,Commuter,114 cc,8.2 ,19.0,https://www.epey.com/motosiklet/yamaha-crypton-115.html
Yuki YB100-22 Jumbo,,Scooter,99 cc,9.5 ,19.0,https://www.epey.com/motosiklet/yuki-yb100-22-jumbo.html
Yuki FORZA 100,,Touring,99 cc,11.4 ,19.0,https://www.epey.com/motosiklet/yuki-forza-100.html
Yuki YK 125-7 Rex,,Touring,124 cc,10.7 ,19.0,https://www.epey.com/motosiklet/yuki-yk-125-7-rex.html
Honda CB 125 ACE,,Commuter,125 cc,8.8 ,19.0,https://www.epey.com/motosiklet/cb-125-ace.html
Honda Fizy,,Scooter,125 cc,9.2 ,19.0,https://www.epey.com/motosiklet/fizy.html
Mondial X-Treme Maxx 200,,Cross,197 cc,-,19.0,https://www.epey.com/motosiklet/mondial-x-treme-maxx-200.html
Yuki YK-100M,,Touring,97 cc,-,19.0,https://www.epey.com/motosiklet/yuki-yk-100m.html
Piaggio Liberty 150,,Scooter,150 cc,11.9 ,19.0,https://www.epey.com/motosiklet/piaggio-liberty-150.html
Kanuni RS125,,Scooter,124.6 cc,8.1 ,19.0,https://www.epey.com/motosiklet/kanuni-rs125.html
Lifan Dragon 125,,Touring,124 cc,9.3 ,19.0,https://www.epey.com/motosiklet/lifan-dragon-125.html
Falcon Sport 100,,Touring,97.8 cc,9.4 ,19.0,https://www.epey.com/motosiklet/falcon-sport-100.html
MotoLux ROSSI 125,,Scooter,125 cc,7.1 ,19.0,https://www.epey.com/motosiklet/motolux-rossi-125.html
Mondial 100 Masti X,,Touring,97 cc,9.1 ,19.0,https://www.epey.com/motosiklet/mondial-100-masti-x.html
Mondial 100 Masti,,Touring,97 cc,9.1 ,19.0,https://www.epey.com/motosiklet/mondial-100-masti.html
SYM Fiddle III 125,,Scooter,124.6 cc,9.7 ,19.0,https://www.epey.com/motosiklet/sym-fiddle-iii-125.html
Kuba CARGO,,Scooter,130 cc,8.9 ,19.0,https://www.epey.com/motosiklet/kuba-cargo.html
RKS Pesaro 125,,Scooter,125 cc,8.04 ,18.0,https://www.epey.com/motosiklet/rks-pesaro-125.html
Falcon Runner 125,,Commuter,124 cc,9.7 ,18.0,https://www.epey.com/motosiklet/falcon-runner-125.html
Hero DASH-LX,,Scooter,110.9 cc,8.5 ,18.0,https://www.epey.com/motosiklet/hero-dash-lx.html
Kuba Pars,,Touring,150.05 cc,11.4 ,18.0,https://www.epey.com/motosiklet/kuba-pars.html
Hero DASH-VX,,Scooter,110.9 cc,8.5 ,18.0,https://www.epey.com/motosiklet/hero-dash-vx.html
SYM Crox 125,,Scooter,124.6 cc,8.7 ,18.0,https://www.epey.com/motosiklet/sym-crox-125.html
Hero DUET-LX,,Scooter,110.9 cc,8.5 ,18.0,https://www.epey.com/motosiklet/hero-duet-lx.html
Lifan TAY 100,,Cub,97.2 cc,7.5 ,18.0,https://www.epey.com/motosiklet/lifan-tay-100.html
Lifan TAY 100 (L),,Cub,97.2 cc,7.5 ,18.0,https://www.epey.com/motosiklet/lifan-tay-100-l.html
Falcon Supper Attack 100,,Commuter,97.8 cc,9.4 ,18.0,https://www.epey.com/motosiklet/falcon-supper-attack-100.html
Yamaha YBR 125,,Commuter,124 cc,10.0 ,18.0,https://www.epey.com/motosiklet/yamaha-ybr-125.html
Yamaha BW's 125,,Scooter,125 cc,8.9 ,18.0,https://www.epey.com/motosiklet/yamaha-bws-125.html
Yuki LX100-TLA Attact,,Cub,99 cc,8.7 ,18.0,https://www.epey.com/motosiklet/yuki-lx100-tla-attact.html
Yamaha Crypton,,Commuter,110 cc,6.9 ,17.0,https://www.epey.com/motosiklet/yamaha-crypton.html
Kuba STRIKE 150,,Touring,148 cc,12.2 ,17.0,https://www.epey.com/motosiklet/kuba-strike-150.html
Yuki ZN-150T-27 Retro,,Scooter,149 cc,8.04 ,17.0,https://www.epey.com/motosiklet/yuki-zn-150t-27-retro.html
Bisan CEYLAN 100cc Full Otomatik,,Cub,97 cc,5.7 ,17.0,https://www.epey.com/motosiklet/bisan-ceylan-100cc-full-otomatik.html
Yamaha YS125,,Commuter,125 cc,-,17.0,https://www.epey.com/motosiklet/yamaha-ys125.html
Mondial 125 ZNU,,Scooter,124.6 cc,8.7 ,17.0,https://www.epey.com/motosiklet/mondial-125-znu.html
Kuba ÇITA 150R,,Klasik,149 cc,11.2 ,17.0,https://www.epey.com/motosiklet/kuba-cita-150r.html
Suzuki VanVan 125,,Naked,125 cc,-,17.0,https://www.epey.com/motosiklet/suzuki-vanvan-125.html
Asya Shark 150,,Scooter,149 cc,8.2 ,17.0,https://www.epey.com/motosiklet/asya-shark-150.html
KTM 250 SX‑F,,Enduro,249 cc,-,17.0,https://www.epey.com/motosiklet/ktm-250-sxf.html
Kanuni Ruby S,,Scooter,99.8 cc,6.2 ,17.0,https://www.epey.com/motosiklet/kanuni-ruby-s.html
Suzuki Burgman 200,,Scooter,200 cc,-,17.0,https://www.epey.com/motosiklet/suzuki-burgman-200.html
Bisan SARDES 125,,Scooter,124.6 cc,8.8 ,17.0,https://www.epey.com/motosiklet/bisan-sardes-125.html
Salcano NOVA,,Scooter,149.6 cc,7.0 ,17.0,https://www.epey.com/motosiklet/salcano-nova.html
Kymco SUPER 8 125,,Scooter,125 cc,9.3 ,16.0,https://www.epey.com/motosiklet/kymco-super-8-125.html
Bisan AUTOCUB 100,,Cub,97 cc,5.7 ,16.0,https://www.epey.com/motosiklet/bisan-autocub-100.html
Salcano TIGER SPORT S,,Touring,124 cc,7.0 ,16.0,https://www.epey.com/motosiklet/salcano-tiger-sport-s.html
Vespa PX 150,,Scooter,150 cc,8.2 ,16.0,https://www.epey.com/motosiklet/vespa-px-150.html
Suzuki GSX-R125,,-,124 cc,-,16.0,https://www.epey.com/motosiklet/suzuki-gsx-r125.html
Yamaha Cygnus L,,Scooter,102 cc,6.7 ,16.0,https://www.epey.com/motosiklet/yamaha-cygnus-l.html
Yamaha Delight 115cc,,Scooter,114 cc,-,16.0,https://www.epey.com/motosiklet/yamaha-delight-115cc.html
Mondial UAG 100,,Commuter,97 cc,-,16.0,https://www.epey.com/motosiklet/mondial-uag-100.html
Honda Spacy Alpha,,Scooter,108 cc,8.7 ,16.0,https://www.epey.com/motosiklet/honda-spacy-alpha.html
Honda CB125F,,Commuter,125 cc,-,16.0,https://www.epey.com/motosiklet/honda-cb125f.html
Yamaha Delight 125cc,,Scooter,125 cc,-,16.0,https://www.epey.com/motosiklet/yamaha-delight-125cc.html
Asya Nostalji 125,,Scooter,124 cc,8.0 ,16.0,https://www.epey.com/motosiklet/asya-nostalji-125.html
Mondial 100 MFM,,Cub,97 cc,6.4 ,16.0,https://www.epey.com/motosiklet/mondial-100-mfm.html
Kuba KEE100,,Cub,97 cc,6.7 ,16.0,https://www.epey.com/motosiklet/kuba-kee100.html
Lifan Moped,,Cub,49 cc,2.9 ,16.0,https://www.epey.com/motosiklet/lifan-moped.html
Salcano TIGER SPEED 100,,Touring,97 cc,7.0 ,16.0,https://www.epey.com/motosiklet/salcano-tiger-speed-100.html
Honda Spacy,,Scooter,108 cc,7.7 ,18.0,https://www.epey.com/motosiklet/honda-spacy.html
Regal Raptor Klasik 150,,Klasik,149 cc,12.0 ,18.0,https://www.epey.com/motosiklet/regal-raptor-klasik-150.html
Suzuki Burgman 200 ABS,,Scooter,200 cc,-,18.0,https://www.epey.com/motosiklet/suzuki-burgman-200-abs.html
Asya SkyMax-Pro,,-,124 cc,6.7 ,18.0,https://www.epey.com/motosiklet/asya-skymax-pro.html
Bisan ECO CUB 100PRO,,Cub,97 cc,7.1 ,18.0,https://www.epey.com/motosiklet/bisan-eco-cub-100pro.html
Mondial RX1i Evo,,Enduro,125 cc,-,18.0,https://www.epey.com/motosiklet/mondial-rx1i-evo.html
Bisan ROADSTAR Cub 100,,Cub,97 cc,7.0 ,18.0,https://www.epey.com/motosiklet/bisan-roadstar-cub-100.html
Kanuni Explorer,,Scooter,149 cc,8.8 ,18.0,https://www.epey.com/motosiklet/kanuni-explorer.html
Kanuni CUP 100S,,Cub,97 cc,6.1 ,18.0,https://www.epey.com/motosiklet/kanuni-cup-100s.html
Mondial 100 MFH,,Cub,97 cc,6.4 ,18.0,https://www.epey.com/motosiklet/mondial-100-mfh.html
SYM Mio 100,,Scooter,99 cc,7.7 ,18.0,https://www.epey.com/motosiklet/sym-mio-100.html
Mondial 125 NT Turkuaz,,Scooter,125 cc,7.5 ,18.0,https://www.epey.com/motosiklet/mondial-125-nt-turkuaz.html
Kanuni Breton S100,,Commuter,97 cc,7.4 ,18.0,https://www.epey.com/motosiklet/kanuni-breton-s100.html
Bisan YENİ TROY 100,,Scooter,97 cc,4.7 ,18.0,https://www.epey.com/motosiklet/bisan-yeni-troy-100.html
Salcano TIGER SPEED 125,,Touring,124 cc,9.8 ,18.0,https://www.epey.com/motosiklet/salcano-tiger-speed-125.html
KTM 125 EXC,,Enduro,124.8 cc,-,18.0,https://www.epey.com/motosiklet/ktm-125-exc.html
Mondial 125 Aggressive,,Touring,119.7 cc,8.0 ,17.0,https://www.epey.com/motosiklet/mondial-125-aggressive.html
Kuba RAVAN,,Touring,137 cc,10.8 ,17.0,https://www.epey.com/motosiklet/kuba-ravan.html
Kral KR150-G Kaptan,,Cub,149 cc,-,17.0,https://www.epey.com/motosiklet/kral-kr150-g-kaptan.html
Mondial 100 SFS SPORT,,Cub,97 cc,5.8 ,17.0,https://www.epey.com/motosiklet/mondial-100-sfs-sport.html
Yuki ZN-150T-E5 Legend,,Scooter,149 cc,8.04 ,17.0,https://www.epey.com/motosiklet/yuki-zn-150t-e5-legend.html
Derbi ETX 150,,Enduro,149 cc,12.0 ,17.0,https://www.epey.com/motosiklet/derbi-etx-150.html
Bisan OLYMPOS 150cc,,Scooter,149.6 cc,8.5 ,17.0,https://www.epey.com/motosiklet/bisan-olympos-150cc.html
Bisan MİSİS 100,,Scooter,99 cc,6.8 ,17.0,https://www.epey.com/motosiklet/bisan-misis-100.html
Suzuki GSX-S125,,Naked,124 cc,-,17.0,https://www.epey.com/motosiklet/suzuki-gsx-s125.html
Asya SkyMax,,-,124 cc,6.7 ,17.0,https://www.epey.com/motosiklet/asya-skymax.html
Hero Pleasure,,Scooter,102 cc,6.9 ,17.0,https://www.epey.com/motosiklet/hero-pleasure.html
Lifan SHOWING 125,,Cub,120 cc,7.7 ,17.0,https://www.epey.com/motosiklet/lifan-showing-125.html
Mondial KD-125 F,,Touring,124 cc,-,17.0,https://www.epey.com/motosiklet/mondial-kd-125-f.html
Yamaha Tricity,,Scooter,124.8 cc,-,17.0,https://www.epey.com/motosiklet/yamaha-tricity.html
Yuki UYL-Enzo,,Scooter,50 cc,-,11.0,https://www.epey.com/motosiklet/yuki-uyl-enzo.html
Kuba ÇITA 100-F,,Klasik,99 cc,7.0 ,11.0,https://www.epey.com/motosiklet/kuba-cita-100-f.html
Mondial Eagle,,Scooter,49.6 cc,-,11.0,https://www.epey.com/motosiklet/mondial-eagle.html
Salcano ASTRO 100,,Scooter,97 cc,7.0 ,11.0,https://www.epey.com/motosiklet/salcano-astro-100.html
Kral KR-100-B SEYYAH,,Cub,97 cc,6 ,11.0,https://www.epey.com/motosiklet/kral-kr-100-b-seyyah.html
Kuba HASAT 100,,Scooter,99 cc,6.2 ,10.0,https://www.epey.com/motosiklet/kuba-hasat-100.html
Kuba RAZORE 100,,Touring,99 cc,6.1 ,10.0,https://www.epey.com/motosiklet/kuba-razore-100.html
Arora AR 100-8A (Tel Jant),,Touring,97 cc,7.50 ,10.0,https://www.epey.com/motosiklet/arora-ar-100-8a-modifiye-renkli-nikelaj.html
Asya QS 100,,Commuter,98 cc,-,10.0,https://www.epey.com/motosiklet/asya-qs-100.html
RKS Next 50,,Cub,50 cc,2.95 ,10.0,https://www.epey.com/motosiklet/rks-next-50.html
Volta RS1,,Scooter,49.6 cc,-,10.0,https://www.epey.com/motosiklet/volta-rs1.html
Asya Swift 150,,Touring,-,-,10.0,https://www.epey.com/motosiklet/asya-swift-150.html
Volta RS3,,Scooter,49.5 cc,-,10.0,https://www.epey.com/motosiklet/volta-rs3.html
Kuba Dragon 50,,Klasik,48 cc,2.41 ,10.0,https://www.epey.com/motosiklet/kuba-dragon-50.html
Kuba Ege 100,,Cub,97.2 cc,6.65 ,10.0,https://www.epey.com/motosiklet/kuba-ege-100.html
Kuba Rainbow 100,,Cub,97 cc,6.2 ,10.0,https://www.epey.com/motosiklet/kuba-rainbow.html
Suzuki Burgman 400ZA,,Scooter,-,-,9.0,https://www.epey.com/motosiklet/suzuki-burgman-400za.html
Mondial 100 Loyal,,Scooter,97 cc,-,9.0,https://www.epey.com/motosiklet/mondial-100-loyal.html
Asya Polo 50,,Scooter,49 cc,3.1 ,9.0,https://www.epey.com/motosiklet/asya-polo-50.html
Kuba Filinta 100,,Klasik,99 cc,6.4 ,8.0,https://www.epey.com/motosiklet/kuba-filinta-100.html
Kuba FIGHTER 80,,Scooter,79 cc,3.8 ,7.0,https://www.epey.com/motosiklet/kuba-fighter-80.html
Kuba Runner 50,,Cub,49.4 cc,2.82 ,7.0,https://www.epey.com/motosiklet/kuba-runner-50.html
Arora AR 50-30 (Çelik Jant),,Touring,49 cc,3 ,7.0,https://www.epey.com/motosiklet/arora-ar-50-30-celik-jant.html
Arora AR 50-30 (Tel Jant),,Touring,49 cc,3 ,7.0,https://www.epey.com/motosiklet/arora-ar-50-30-tel-jant.html
Kuba Fighter 50,,Scooter,49 cc,3.8 ,7.0,https://www.epey.com/motosiklet/kuba-fighter-50.html
Stmax Dabra 50,,Scooter,-,-,6.0,https://www.epey.com/motosiklet/stmax-dabra-50.html
Arora AR100-8,,Touring,97 cc,6.4 ,5.0,https://www.epey.com/motosiklet/arora-ar100-8.html
Arora AR Special 50,,Scooter,49 cc,3 ,3.0,https://www.epey.com/motosiklet/arora-ar-special-50.html
Stmax Bravo 50,,Scooter,50 cc,-,2.0,https://www.epey.com/motosiklet/stmax-bravo-50.html
Arora AR 50-20 TODEY,,Scooter,49 cc,3 ,2.0,https://www.epey.com/motosiklet/arora-ar-50-20-todey.html
Mondial 100 SFC AUTOMATİC X,,Cub,97 cc,5.8 ,16.0,https://www.epey.com/motosiklet/mondial-100-sfc-automatic-x.html
Kuba MATRIX 125,,Scooter,124.6 cc,8.44 ,15.0,https://www.epey.com/motosiklet/kuba-matrix-125.html
Dorado Arcon,,Scooter,152 cc,9.3 ,15.0,https://www.epey.com/motosiklet/dorado-arcon.html
Salcano TIGER SPORT,,Touring,97 cc,7.0 ,15.0,https://www.epey.com/motosiklet/salcano-tiger-sport.html
Falcon Magic 100 Lüx,,Cub,97 cc,7.2 ,15.0,https://www.epey.com/motosiklet/falcon-magic-100-lux.html
Kuba ÇITA 170-F BOSS,,Klasik,149.4 cc,11.2 ,15.0,https://www.epey.com/motosiklet/kuba-cita-170-f-boss.html
Kuba ÇITA 180-FC,,Klasik,149.4 cc,11.2 ,15.0,https://www.epey.com/motosiklet/kuba-cita-180-fc.html
Yuki YK 100-7-Y Paşa-S,,Cub,99 cc,5.9 ,15.0,https://www.epey.com/motosiklet/yuki-yk-100-7-y-pasa-s.html
Yuki YK 100-7 Paşa-S,,Cub,99 cc,5.9 ,15.0,https://www.epey.com/motosiklet/yuki-yk-100-7-pasa-s.html
Honda Wing Go (Disk Fren),,Cub,97.1 cc,6.4 ,15.0,https://www.epey.com/motosiklet/honda-wing-go-disk-fren.html
Haojue HJ125T-10E,,Scooter,124 cc,8.0 ,15.0,https://www.epey.com/motosiklet/haojue-hj125t-10e.html
Suzuki Address,,Scooter,113 cc,9.0 ,15.0,https://www.epey.com/motosiklet/suzuki-address.html
Kuba NIRVANA 150,,Scooter,149.6 cc,9.5 ,15.0,https://www.epey.com/motosiklet/kuba-nirvana-150.html
Mondial 100 RT,,Scooter,97 cc,6.7 ,15.0,https://www.epey.com/motosiklet/mondial-100-rt.html
Kuba ÇITA 170FX,,Klasik,149.4 cc,11.2 ,15.0,https://www.epey.com/motosiklet/kuba-cita-170fx.html
Salcano ALTAY 125,,Cub,120 cc,8.0 ,15.0,https://www.epey.com/motosiklet/salcano-altay-125.html
Daelim Dart 125,,Scooter,124.6 cc,8.3 ,14.0,https://www.epey.com/motosiklet/daelim-dart-125.html
Bisan ECO CUB 100S,,Cub,97 cc,7.1 ,14.0,https://www.epey.com/motosiklet/bisan-eco-cub-100s.html
Yuki Picasso 100 TB100T3E,,Scooter,97 cc,4.82 ,14.0,https://www.epey.com/motosiklet/yuki-picasso-100-tb100t3e.html
Kuba AJAX 150,,Touring,149.4 cc,11.2 ,14.0,https://www.epey.com/motosiklet/kuba-ajax-150.html
Kuba CG 150-K,,Klasik,149 cc,11.2 ,14.0,https://www.epey.com/motosiklet/kuba-cg-150-k.html
Asya Scootürk 100,,Scooter,97.2 cc,6.1 ,14.0,https://www.epey.com/motosiklet/asya-scooturk-100.html
Kuba RAZORE 150,,Touring,149 cc,11.2 ,14.0,https://www.epey.com/motosiklet/kuba-razore-150.html
Yuki ZN-100T-27 Retro,,Scooter,99 cc,8.9 ,14.0,https://www.epey.com/motosiklet/yuki-zn-100t-27-retro.html
Arora AR 185-20 Fırtına,,Commuter,170 cc,11.50 ,14.0,https://www.epey.com/motosiklet/arora-ar-185-20-firtina.html
Honda Wing Go (Tel Jant),,Cub,97.1 cc,6.4 ,14.0,https://www.epey.com/motosiklet/honda-wing-go-tel-jant.html
RKS RS 100,,Scooter,97.2 cc,6.97 ,14.0,https://www.epey.com/motosiklet/rks-rs-100.html
SYM Orbit II 125,,Scooter,124.6 cc,-,14.0,https://www.epey.com/motosiklet/sym-orbit-ii-125.html
Asya Turkcup Delux,,Cub,98 cc,7.2 ,14.0,https://www.epey.com/motosiklet/asya-turkcup-delux.html
Asya Turkcup Klasik,,Cub,98 cc,7.2 ,14.0,https://www.epey.com/motosiklet/asya-turkcup-klasik.html
Arora AR-50-11 ARES,,Scooter,49 cc,3 ,2.0,https://www.epey.com/motosiklet/arora-ar-50-11-ares.html
Arora AR 50-10 Toros,,Scooter,49 cc,3 ,2.0,https://www.epey.com/motosiklet/arora-ar-50-10-toros.html
Arora AR50-50 Kasırga,,Cub,49 cc,2.75 ,2.0,https://www.epey.com/motosiklet/arora-ar50-50-kasirga.html
Super Soco TC,,Elektrikli,-,-,,https://www.epey.com/motosiklet/super-soco-tc.html
Niu NQi GT,,Elektrikli,-,-,,https://www.epey.com/motosiklet/niu-nqi-gt.html
Yuki YK-22 Rüzgar,,Elektrikli,-,-,,https://www.epey.com/motosiklet/yuki-yk-22-ruzgar.html
Volta VSNL,,Elektrikli,-,-,,https://www.epey.com/motosiklet/volta-vsnl.html
Niu MQi+,,Elektrikli,-,-,,https://www.epey.com/motosiklet/niu-mqi-plus.html
Arora Atak,,Elektrikli,-,-,,https://www.epey.com/motosiklet/arora-atak.html
Falcon Smart 250,,Elektrikli,-,-,,https://www.epey.com/motosiklet/falcon-smart-250.html
Yuki YK-32 Pony One,,Elektrikli,-,-,,https://www.epey.com/motosiklet/yuki-yk-32-pony-one.html
Yuki YK-18 Carry Box,,Elektrikli,-,-,,https://www.epey.com/motosiklet/yuki-yk-18-carry-box.html
Stmax Star 1000,,Elektrikli,-,-,,https://www.epey.com/motosiklet/stmax-star-1000.html
Arora YLS,,Elektrikli,-,-,,https://www.epey.com/motosiklet/arora-yls.html
Yuki YK-20 Alfa,,Elektrikli,-,-,,https://www.epey.com/motosiklet/yuki-yk-20-alfa.html
Kuba RUHA 125,,Touring,124 cc,10.06 ,,https://www.epey.com/motosiklet/kuba-ruha-125.html
Niu UQi,,Elektrikli,-,-,,https://www.epey.com/motosiklet/niu-uqi.html
Volta VSXP,,Elektrikli,-,-,,https://www.epey.com/motosiklet/volta-vsxp.html
Super Soco TS,,Elektrikli,-,-,,https://www.epey.com/motosiklet/super-soco-ts.html
Benelli 125S,,Naked,124.8 cc,13.0 ,,https://www.epey.com/motosiklet/benelli-125s.html
Asya Turkcup Lux,,Cub,98 cc,7.2 ,14.0,https://www.epey.com/motosiklet/asya-turkcup-lux.html
SYM Symphony SR 125,,Scooter,124.6 cc,-,14.0,https://www.epey.com/motosiklet/sym-symphony-sr-125.html
Bisan CEYLAN BMP90,,Cub,86 cc,5.3 ,14.0,https://www.epey.com/motosiklet/bisan-ceylan-bmp90.html
Asya Efsane 125,,Scooter,125 cc,7.2 ,14.0,https://www.epey.com/motosiklet/asya-efsane-125.html
SYM Jet 4 125,,Scooter,124.6 cc,-,14.0,https://www.epey.com/motosiklet/sym-jet-4-125.html
RKS Next 100,,Cub,97.2 cc,6.65 ,13.0,https://www.epey.com/motosiklet/rks-next-100.html
Haojue HJ110-3,,Cub,-,6.7 ,13.0,https://www.epey.com/motosiklet/haojue-hj110-3.html
Salcano ALTAY 100,,Cub,97 cc,7.2 ,13.0,https://www.epey.com/motosiklet/salcano-altay-100.html
Salcano SPIDER XL,,Cub,97 cc,7.2 ,13.0,https://www.epey.com/motosiklet/salcano-spider-xl.html
Salcano SPIDER,,Cub,97 cc,7.2 ,13.0,https://www.epey.com/motosiklet/salcano-spider.html
SYM Fiddle II 125,,Scooter,124.6 cc,-,13.0,https://www.epey.com/motosiklet/sym-fiddle-ii-125.html
Yuki ZN-100T-E5 Legend,,Scooter,99 cc,8.9 ,13.0,https://www.epey.com/motosiklet/yuki-zn-100t-e5-legend.html
Yamaha Neo's 4,,Scooter,49 cc,-,13.0,https://www.epey.com/motosiklet/yamaha-neos-4.html
Salcano ASTRO 130,,Scooter,129 cc,9.0 ,13.0,https://www.epey.com/motosiklet/salcano-astro-130.html
Kuba SJ100-16D,,Cub,97 cc,6.2 ,12.0,https://www.epey.com/motosiklet/kuba-sj100-16d.html
Kuba ÇITA 125-F,,Klasik,124 cc,8.5 ,12.0,https://www.epey.com/motosiklet/kuba-cita-125-f.html
Arora AR 185-18,,Touring,170 cc,11.50 ,12.0,https://www.epey.com/motosiklet/arora-ar-185-18-modifiye-renkli-nikelaj-motor.html
Yuki Picasso 50 TK50Q3,,Scooter,50 cc,2.81 ,12.0,https://www.epey.com/motosiklet/yuki-picasso-50-tk50q3.html
Asya T-Rex,,-,124 cc,6.7 ,12.0,https://www.epey.com/motosiklet/asya-t-rex.html
Kuba ÇITA 150R GOLD,,Klasik,149 cc,11.2 ,12.0,https://www.epey.com/motosiklet/kuba-cita-150r-gold.html
Stmax Milan 50,,Scooter,49 cc,-,12.0,https://www.epey.com/motosiklet/stmax-milan-50.html
Kuba ÇITA 100-FC,,Klasik,99 cc,7.0 ,12.0,https://www.epey.com/motosiklet/kuba-cita-100-fc.html
Kuba GOLF 100,,Scooter,97 cc,6.8 ,12.0,https://www.epey.com/motosiklet/kuba-golf-100.html
Kral KR130-16 Hilal,,Touring,128 cc,-,11.0,https://www.epey.com/motosiklet/kral-kr130-16-hilal.html
Asya Bubbly,,-,124 cc,6.7 ,11.0,https://www.epey.com/motosiklet/asya-bubbly.html
Kuba Twister 50,,Scooter,50 cc,3.62 ,11.0,https://www.epey.com/motosiklet/kuba-twister-50.html
Mondial Ritmica 110,,Scooter,112 cc,-,11.0,https://www.epey.com/motosiklet/mondial-ritmica-110.html
Asya Efsane Eco 100,,Scooter,99 cc,6.5 ,11.0,https://www.epey.com/motosiklet/asya-efsane-eco-100.html
Kuba ÇITA 100FX,,Klasik,99 cc,7.0 ,11.0,https://www.epey.com/motosiklet/kuba-cita-100fx.html
Arora AR 150 T-8H Joker,,Scooter,149 cc,7.60 ,11.0,https://www.epey.com/motosiklet/arora-ar-150-t-8h-joker.html
