Ürün Adı,Fiyat,Baskı Tekniği,Baskı Türü,Azami Baskı Çözünürlüğü,Link
Epson EcoTank M3170,3130.0,Mürekkepli,Siyah,,https://www.epey.com/yazici/epson-ecotank-m3170.html
HP Color Laser MFP 178NW,2684.35,Lazer,Renkli,,https://www.epey.com/yazici/hp-color-laser-mfp-178nw.html
HP Color Laser MFP 179fnw,3254.98,Lazer,Renkli,,https://www.epey.com/yazici/hp-color-laser-mfp-179fnw.html
HP Officejet Pro 9023,2198.4,Mürekkepli,Renkli,,https://www.epey.com/yazici/hp-officejet-pro-9023-1mr70b.html
KYOCERA M2135dn,3627.0,Lazer,Siyah,,https://www.epey.com/yazici/kyocera-m2135dn.html
HP DeskJet 2720 (3XV18B),569.0,Mürekkepli,Renkli,,https://www.epey.com/yazici/hp-deskjet-2720-3xv18b.html
Epson EcoTank L6490,4806.8,Mürekkepli,Renkli,,https://www.epey.com/yazici/epson-ecotank-l6490.html
Canon Pixma G640,2859.84,Mürekkepli,Renkli,,https://www.epey.com/yazici/canon-pixma-g640.html
Pantum P3300DN,890.0,Lazer,Siyah,,https://www.epey.com/yazici/pantum-p3300dn.html
HP In Tank 419,1548.13,Mürekkepli,Renkli,,https://www.epey.com/yazici/hp-in-tank-419.html
HP Deskjet 2723,539.9,Mürekkepli,Renkli,,https://www.epey.com/yazici/hp-deskjet-2723.html
Canon MF443DW,4143.36,Lazer,Siyah,,https://www.epey.com/yazici/canon-mf443dw.html
Ricoh SP330SFN,2980.0,Lazer,Siyah,,https://www.epey.com/yazici/ricoh-sp330sfn.html
Canon Pixma G2411,1343.04,Mürekkepli,Renkli,,https://www.epey.com/yazici/canon-pixma-g2411.html
Canon PIXMA iX6850,1989.0,Mürekkepli,Renkli,,https://www.epey.com/yazici/canon-pixma-ix6850.html
Epson EcoTank L15160,11749.0,Mürekkepli,Renkli,,https://www.epey.com/yazici/epson-ecotank-l15160.html
Xerox B210V_DNI,1309.99,Lazer,Siyah,,https://www.epey.com/yazici/xerox-b210v-dni.html
Canon i-SENSYS LBP6030,1550.0,Lazer,Siyah,,https://www.epey.com/yazici/canon-i-sensys-lbp6030.html
Lexmark B2236DW,1249.0,Lazer,Siyah,,https://www.epey.com/yazici/lexmark-b2236dw.html
HP LaserJet M211DW,1659.99,Lazer,Siyah,,https://www.epey.com/yazici/hp-laserjet-m211dw.html
Canon Pixma E3340,652.8,Mürekkepli,Renkli,,https://www.epey.com/yazici/canon-pixma-e3340.html
HP OfficeJet 8013 (1KR70B),1241.52,Mürekkepli,Renkli,,https://www.epey.com/yazici/hp-officejet-8013-1kr70b.html
HP Smart Tank 530 (4SB24A),2722.03,Mürekkepli,Renkli,,https://www.epey.com/yazici/hp-smart-tank-530-4sb24a.html
Epson EcoTank M2170,2320.0,Mürekkepli,Siyah,,https://www.epey.com/yazici/epson-ecotank-m2170.html
Kyocera M5521CDW,4638.88,Lazer,Renkli,,https://www.epey.com/yazici/kyocera-m5521cdw.html
HP LaserJet Pro M130a,2499.9,Lazer,Siyah,,https://www.epey.com/yazici/hp-laserjet-pro-m130a.html
Canon MF113W,2395.0,Lazer,Siyah,,https://www.epey.com/yazici/canon-mf113w.html
Samsung ProXpress SL-C4010ND (SS216F),3072.0,Lazer,Renkli,,https://www.epey.com/yazici/samsung-proxpress-sl-c4010nd-ss216f.html
Kyocera FS-1120MFP,1879.04,Lazer,Siyah,,https://www.epey.com/yazici/kyocera-fs-1120mfp.html
HP OfficeJet Pro 7740,3307.35,Mürekkepli,Renkli,,https://www.epey.com/yazici/hp-officejet-pro-7740-g5j38a.html
Kyocera Ecosys M3145IDN,8880.0,Lazer,Siyah,,https://www.epey.com/yazici/kyocera-ecosys-m3145idn.html
Canon Pixma G2415,1399.99,Mürekkepli,Renkli,,https://www.epey.com/yazici/canon-pixma-g2415.html
HP Neverstop Laser MFP 1200n (5HG87A),2466.65,Lazer,Siyah,,https://www.epey.com/yazici/hp-neverstop-mfp-1200n-5hg87a.html
Lexmark CX725DE,10966.31,Lazer,Renkli,,https://www.epey.com/yazici/lexmark-cx725de.html
HP Color LaserJet Pro M283FDW,7056.0,Lazer,Renkli,,https://www.epey.com/yazici/hp-m283fdw-7kw75a.html
HP Color LaserJet Pro M255DW (7KW64A),3228.99,Lazer,Renkli,,https://www.epey.com/yazici/hp-color-laserjet-pro-m255dw-7kw64a.html
Lexmark MS521dn,4938.07,Lazer,Siyah,,https://www.epey.com/yazici/lexmark-ms521dn.html
HP Smart Tank 615 (Y0F71A),2749.99,Mürekkepli,Renkli,,https://www.epey.com/yazici/hp-smart-tank-615.html
HP Neverstop Laser 1000A,2687.04,Lazer,Siyah,,https://www.epey.com/yazici/hp-neverstop-1000a-4ry22a.html
Epson EcoTank M1120,1515.24,Mürekkepli,Siyah,,https://www.epey.com/yazici/epson-ecotank-m1120.html
HP Color LaserJet Pro M479fdn,9300.0,Lazer,Renkli,,https://www.epey.com/yazici/hp-color-laserjet-pro-m479fdn.html
HP OfficeJet Pro 8023,1673.52,Mürekkepli,Renkli,,https://www.epey.com/yazici/hp-officejet-pro-8023-1kr64b.html
HP LaserJet Pro M428fdw,4078.08,Lazer,Siyah,,https://www.epey.com/yazici/hp-m428fdw-w1a30a.html
Epson EcoTank L3111,1699.0,Mürekkepli,Renkli,,https://www.epey.com/yazici/epson-ecotank-l3111.html
Kyocera ECOSYS P5026cdw,2880.0,Lazer,Renkli,,https://www.epey.com/yazici/kyocera-ecosys-p5026cdw.html
Brother MFC-L2771DW,4800.0,Lazer,Siyah,,https://www.epey.com/yazici/brother-mfc-l2771dw.html
Kyocera ECOSYS M2735dw,4612.99,Lazer,Siyah,,https://www.epey.com/yazici/kyocera-ecosys-m2735dw.html
Kyocera FS-1060DN,2213.77,Lazer,Siyah,,https://www.epey.com/yazici/kyocera-fs-1060dn.html
Epson WorkForce Pro WF-C5790DWF,6300.0,Mürekkepli,Renkli,,https://www.epey.com/yazici/epson-workforce-pro-wf-c5790dwf.html
Canon Pixma TS5150,1568.2,Mürekkepli,Renkli,,https://www.epey.com/yazici/canon-pixma-ts5150.html
Ricoh SP 377DNwX,1911.76,Lazer,Siyah,,https://www.epey.com/yazici/ricoh-sp-377dnwx.html
OKI MC760dnfax,7069.99,Lazer,Renkli,,https://www.epey.com/yazici/oki-mc760dnfax.html
Canon MAXIFY MB2150,2169.0,Mürekkepli,Renkli,,https://www.epey.com/yazici/canon-maxify-mb2150.html
Canon i-SENSYS MF416dw,8880.0,Lazer,Siyah,,https://www.epey.com/yazici/canon-i-sensys-mf416dw.html
Brother MFC-1911W,3936.0,Lazer,Siyah,,https://www.epey.com/yazici/brother-mfc-1911w.html
Epson EcoTank L1300 ITS,5029.04,Mürekkepli,Renkli,,https://www.epey.com/yazici/epson-ecotank-l1300-its.html
Brother MFC-L5755DW,7399.0,Lazer,Siyah,,https://www.epey.com/yazici/brother-mfc-l5755dw.html
HP OfficeJet Pro 8720,3698.68,Mürekkepli,Renkli,,https://www.epey.com/yazici/hp-officejet-pro-8720.html
OKI 9006144 C650DN,12904.55,Lazer,Renkli,,https://www.epey.com/yazici/oki-9006144-c650dn.html
Canon I-Sensys LBP6020B,1951.0,Lazer,Siyah,,https://www.epey.com/yazici/canon-i-sensys-lbp6020b.html
Epson EcoTank L11160,8567.61,Mürekkepli,Renkli,,https://www.epey.com/yazici/epson-ecotank-l11160.html
Kyocera Ecosys M4125IDN,16000.0,Lazer,Siyah,,https://www.epey.com/yazici/kyocera-ecosys-m4125idn.html
Kyocera M3645IDN,9700.0,Lazer,Siyah,,https://www.epey.com/yazici/kyocera-m3645idn.html
Samsung SCX-8128NA,15360.0,Lazer,Renkli,,https://www.epey.com/yazici/samsung-scx-8128na.html
Kyocera ECOSYS M2640idw,7140.0,Lazer,Siyah,,https://www.epey.com/yazici/kyocera-ecosys-m2640idw.html
Lexmark MX321ADN,2784.0,Lazer,Siyah,,https://www.epey.com/yazici/lexmark-mx321adn.html
Canon i-SENSYS MF746CX,9050.0,Lazer,Renkli,,https://www.epey.com/yazici/canon-i-sensys-mf746cx.html
Fujifilm Instax Mini Link,1099.0,Instax,Renkli,,https://www.epey.com/yazici/fujifilm-instax-mini-link.html
HP Smart Tank 500 (4SR29A),1669.44,Mürekkepli,Renkli,,https://www.epey.com/yazici/hp-smart-tank-500-4sr29a.html
Epson Workforce Pro WF-M5799DWF,5886.14,Mürekkepli,Siyah,,https://www.epey.com/yazici/epson-workforce-pro-wf-m5799dwf.html
HP Sprocket Photo,749.0,ZINK,Renkli,,https://www.epey.com/yazici/hp-sprocket-photo.html
Canon MF112,2627.07,Lazer,Siyah,,https://www.epey.com/yazici/canon-mf112.html
Canon PIXMA G4411,3180.0,Mürekkepli,Renkli,,https://www.epey.com/yazici/canon-pixma-g4411.html
Kyocera ECOSYS M3040DN,10227.5,Lazer,Siyah,,https://www.epey.com/yazici/kyocera-ecosys-m3040dn.html
Kyocera ECOSYS P2235dn,2212.58,Lazer,Siyah,,https://www.epey.com/yazici/kyocera-ecosys-p2235dn.html
Kyocera Ecosys P2235DW,2599.0,Lazer,Siyah,,https://www.epey.com/yazici/kyocera-ecosys-p2235dw.html
Brother HL-L2376DW,3188.29,Lazer,Siyah,,https://www.epey.com/yazici/brother-hl-l2376dw.html
Canon SELPHY CP1300,1299.0,Süblimasyon,Renkli,,https://www.epey.com/yazici/canon-selphy-cp1300.html
Brother HL-L8360CDW,8903.4,Lazer,Renkli,,https://www.epey.com/yazici/brother-hl-l8360cdw.html
Oki MB562dnw,5819.03,Lazer,Siyah,,https://www.epey.com/yazici/oki-mb562dnw.html
Brother MFC-L8690CDW,8352.0,Lazer,Renkli,,https://www.epey.com/yazici/brother-mfc-l8690cdw.html
Xerox Phaser 6510,4799.9,Lazer,Renkli,,https://www.epey.com/yazici/xerox-phaser-6510v-n.html
HP OfficeJet 202 Taşınabilir Yazıcı,2548.8,Mürekkepli,Renkli,,https://www.epey.com/yazici/hp-officejet-202.html
Xerox Phaser 3330,2720.0,Lazer,Siyah,,https://www.epey.com/yazici/xerox-phaser-3330.html
Canon PIXMA E514,960.0,Mürekkepli,Renkli,,https://www.epey.com/yazici/canon-pixma-e514.html
Canon Pixma E474,679.0,Mürekkepli,Renkli,,https://www.epey.com/yazici/canon-pixma-e474.html
HP LaserJet Pro M130fn,3579.0,Lazer,Siyah,,https://www.epey.com/yazici/hp-laserjet-pro-m130fn.html
OKI B512DN,2327.03,Lazer,Siyah,,https://www.epey.com/yazici/oki-b512dn.html
HP LaserJet Pro M203dn,2073.6,Lazer,Siyah,,https://www.epey.com/yazici/hp-laserjet-pro-m203dn.html
OKI MC853dnct,19199.04,Lazer,Renkli,,https://www.epey.com/yazici/oki-mc853dnct.html
Canon i-SENSYS LBP112,1180.0,Lazer,Siyah,,https://www.epey.com/yazici/canon-i-sensys-lbp112.html
HP Color Laser 150A,2481.6,Lazer,Renkli,,https://www.epey.com/yazici/hp-color-laser-150a.html
Canon LBP113W,1240.0,Lazer,Siyah,,https://www.epey.com/yazici/canon-lbp113w.html
Canon PIXMA TS705,4032.0,Mürekkepli,Renkli,,https://www.epey.com/yazici/canon-ts705.html
Canon E3140,849.9,Mürekkepli,Renkli,,https://www.epey.com/yazici/canon-e3140.html
OKI MB472dnw,3636.57,Lazer,Siyah,,https://www.epey.com/yazici/oki-mb472dnw.html
HP OfficeJet Pro 9013,1784.64,Mürekkepli,Renkli,,https://www.epey.com/yazici/hp-officeket-pro-9013.html
Epson EcoTank L8160,5799.0,Mürekkepli,Renkli,,https://www.epey.com/yazici/epson-ecotank-l8160.html
Ricoh SP C320DN,1940.0,Lazer,Renkli,,https://www.epey.com/yazici/ricoh-sp-c320dn.html
HP LaserJet M211D,1379.99,Lazer,Siyah,,https://www.epey.com/yazici/hp-laserjet-m211d.html
Canon PIXMA G6040,4432.62,Mürekkepli,Renkli,,https://www.epey.com/yazici/canon-pixma-g6040-2.html
Kyocera ECOSYS M5521cdn,4264.0,Lazer,Renkli,,https://www.epey.com/yazici/kyocera-ecosys-m5521cdn.html
Kyocera M2635DN,3967.04,Lazer,Siyah,,https://www.epey.com/yazici/kyocera-m2635dn.html
Kyocera FS-1125MFP,2736.0,Lazer,Siyah,,https://www.epey.com/yazici/kyocera-fs-1125mfp.html
Pantum M6800FDW,1899.0,Lazer,Siyah,,https://www.epey.com/yazici/pantum-m6800fdw.html
Epson WorkForce Pro WF-C5290DW,3879.0,Mürekkepli,Renkli,,https://www.epey.com/yazici/epson-workforce-pro-wf-c5290dw.html
Brother DCP-T310,1709.0,Mürekkepli,Renkli,,https://www.epey.com/yazici/brother-dcp-t310.html
Epson EcoTank L850,4339.0,Mürekkepli,Renkli,,https://www.epey.com/yazici/epson-ecotank-l850.html
Epson EcoTank L1800 ITS,6934.05,Mürekkepli,Renkli,,https://www.epey.com/yazici/epson-ecotank-l1800-its.html
HP LaserJet Pro M203dw,2592.0,Lazer,Siyah,,https://www.epey.com/yazici/hp-laserjet-pro-m203dw.html
Epson EcoTank ITS L6160,,Mürekkepli,Renkli,,https://www.epey.com/yazici/epson-ecotank-its-l6160.html
HP LaserJet Pro M130fw,,Lazer,Siyah,,https://www.epey.com/yazici/hp-laserjet-pro-m130fw.html
HP LaserJet Enterprise MFP M430F,4840.99,Lazer,Siyah,,https://www.epey.com/yazici/hp-laserjet-enterprise-mfp-m430f.html
Canon Pixma TR150,2899.0,Mürekkepli,Renkli,,https://www.epey.com/yazici/canon-pixma-tr150.html
HP LaserJet Pro M127FN,3822.0,Lazer,Siyah,,https://www.epey.com/yazici/hp-laserjet-pro-m127fn.html
Brother DCP-T220,1409.99,Mürekkepli,Renkli,,https://www.epey.com/yazici/brother-dcp-t220.html
Brother DCP-T820DW,2965.82,Mürekkepli,Renkli,,https://www.epey.com/yazici/brother-dcp-t820dw.html
Kyocera Ecosys P3155DN,7470.0,Lazer,Siyah,,https://www.epey.com/yazici/kyocera-ecosys-p3155dn.html
Kyocera M6630CIDN,8600.68,Lazer,Renkli,,https://www.epey.com/yazici/kyocera-m6630cidn.html
Kyocera Ecosys M3145DN,8928.0,Lazer,Siyah,,https://www.epey.com/yazici/kyocera-ecosys-m3145dn.html
Brother MFC-J3930DW,4590.04,Mürekkepli,Renkli,,https://www.epey.com/yazici/brother-full-a3-mfc-j3930dw.html
HP DeskJet GT 5810,1299.99,Mürekkepli,Renkli,,https://www.epey.com/yazici/hp-deskjet-gt-5810.html
Epson EcoTank L805,3419.05,Mürekkepli,Renkli,,https://www.epey.com/yazici/epson-ecotank-l805.html
HP OfficeJet Pro 6230,720.0,Mürekkepli,Renkli,,https://www.epey.com/yazici/hp-officejet-pro-6230.html
Epson EcoTank L3110,1650.01,Mürekkepli,Renkli,,https://www.epey.com/yazici/epson-ecotank-l3110.html
Epson EcoTank M3180,3180.0,Mürekkepli,Siyah,,https://www.epey.com/yazici/epson-ecotank-m3180.html
Brother DCP-T720DW,2635.87,Mürekkepli,Renkli,,https://www.epey.com/yazici/brother-dcp-t720dw.html
Epson EcoTank L15150,8879.04,Mürekkepli,Renkli,,https://www.epey.com/yazici/epson-ecotank-l15150.html
HP Color LaserJet Pro M183fw,4127.04,Lazer,Renkli,,https://www.epey.com/yazici/hp-color-laserjet-pro-m183fw.html
HP Neverstop Laser MFP 1200w (4RY26A),2726.5,Lazer,Siyah,,https://www.epey.com/yazici/hp-neverstop-mfp-1200w-4ry26a.html
HP Ink tank 115,958.08,Mürekkepli,Renkli,,https://www.epey.com/yazici/hp-ink-tank-115-2lb19a.html
HP Color LaserJet Pro M479fdw,8100.0,Lazer,Renkli,,https://www.epey.com/yazici/hp-color-laserjet-pro-m479fdw.html
Canon Pixma G1411,1549.0,Mürekkepli,Renkli,,https://www.epey.com/yazici/canon-pixma-g1411.html
Canon PIXMA TR8550,2207.9,Mürekkepli,Renkli,,https://www.epey.com/yazici/canon-pixma-tr8550.html
Xerox Workcentre 3025,1760.0,Lazer,Siyah,,https://www.epey.com/yazici/xerox-workcentre-3025v-ni.html
Epson EcoTank L810,3455.04,Mürekkepli,Renkli,,https://www.epey.com/yazici/epson-ecotank-l810.html
Epson EcoTank L1210,1343.04,Mürekkepli,Renkli,,https://www.epey.com/yazici/epson-ecotank-l1210.html
Epson EcoTank L3211,1643.0,Mürekkepli,Renkli,,https://www.epey.com/yazici/epson-ecotank-l3211.html
Brother DCP-1511-2T,2792.64,Lazer,Siyah,,https://www.epey.com/yazici/brother-dcp-1511-2t.html
Ricoh SP 230SFNw,2499.0,Lazer,Siyah,,https://www.epey.com/yazici/ricoh-sp-230sfnw.html
Epson EcoTank M1140,1631.9,Mürekkepli,Siyah,,https://www.epey.com/yazici/epson-m1140.html
Brother MFC-L3750CDW,7008.0,Lazer,Renkli,,https://www.epey.com/yazici/brother-mfc-l3750cdw.html
Canon MF445DW,4371.95,Lazer,Siyah,,https://www.epey.com/yazici/canon-mf445dw.html
Epson EcoTank M1170,1631.04,Mürekkepli,Siyah,,https://www.epey.com/yazici/epson-ecotank-m1170.html
Epson EcoTank L5190,3537.6,Mürekkepli,Renkli,,https://www.epey.com/yazici/epson-ecotank-l5190.html
Brother HL-1211W,1871.04,Lazer,Siyah,,https://www.epey.com/yazici/brother-hl-1211w.html
Epson EcoTank L8180,7599.05,Mürekkepli,Renkli,,https://www.epey.com/yazici/epson-ecotank-l8180.html
HP Deskjet 2320,498.99,Mürekkepli,Renkli,,https://www.epey.com/yazici/hp-deskjet-2320.html
Kyocera Ecosys M2040dn,5280.0,Lazer,Siyah,,https://www.epey.com/yazici/kyocera-ecosys-m2040dn.html
HP LaserJet Pro M404dw (W1A56A),2619.99,Lazer,Siyah,,https://www.epey.com/yazici/hp-laserjet-pro-m404dw-w1a56a.html
Epson EcoTank L3251,1899.0,Mürekkepli,Renkli,,https://www.epey.com/yazici/epson-ecotank-l3251.html
Epson EcoTank L3250,1804.05,Mürekkepli,Renkli,,https://www.epey.com/yazici/epson-ecotank-l3250.html
HP Smart Tank 515,1740.96,Mürekkepli,Renkli,,https://www.epey.com/yazici/hp-smart-tank-515.html
Epson EcoTank L3151,1837.3,Mürekkepli,Renkli,,https://www.epey.com/yazici/epson-ecotank-l3151.html
Canon Pixma E4240,748.0,Mürekkepli,Renkli,,https://www.epey.com/yazici/canon-pixma-e4240.html
Canon Pixma G3420,1650.0,Mürekkepli,Renkli,,https://www.epey.com/yazici/canon-pixma-g3420.html
Epson EcoTank L1110,1199.04,Mürekkepli,Renkli,,https://www.epey.com/yazici/epson-ecotank-l1110.html
Epson EcoTank L3210,1559.99,Mürekkepli,Renkli,,https://www.epey.com/yazici/epson-ecotank-l3210.html
Xerox Phaser 3020,949.05,Lazer,Siyah,,https://www.epey.com/yazici/xerox-phaser-3020.html
Epson EcoTank L3266,2015.04,Mürekkepli,Renkli,,https://www.epey.com/yazici/epson-ecotank-l3266.html
Canon PIXMA E414,349.9,Mürekkepli,Renkli,,https://www.epey.com/yazici/canon-pixma-e414.html
Epson EcoTank L3256,1899.0,Mürekkepli,Renkli,,https://www.epey.com/yazici/epson-ecotank-l3256.html
Canon PIXMA G3411,1614.0,Mürekkepli,Renkli,,https://www.epey.com/yazici/canon-pixma-g3411.html
HP DeskJet 2710,488.64,Mürekkepli,Renkli,,https://www.epey.com/yazici/hp-deskjet-2710.html
Epson EcoTank L1250,1424.0,Mürekkepli,Renkli,,https://www.epey.com/yazici/epson-ecotank-l1250.html
Epson EcoTank L4260,3129.0,Mürekkepli,Renkli,,https://www.epey.com/yazici/epson-ecotank-l4260.html
Canon Zoemini,369.0,ZINK,Renkli,,https://www.epey.com/yazici/canon-zoemini.html
Canon Pixma G3415,1670.0,Mürekkepli,Renkli,,https://www.epey.com/yazici/canon-pixma-g3415.html
Canon Pixma G2420,1299.99,Mürekkepli,Renkli,,https://www.epey.com/yazici/canon-pixma-g2420.html
HP Laser 107W,1440.0,Lazer,Siyah,,https://www.epey.com/yazici/hp-laser-107w.html
Epson EcoTank L6290,4468.8,Mürekkepli,Renkli,,https://www.epey.com/yazici/epson-ecotank-l6290.html
Canon Pixma E3440,569.99,Mürekkepli,Renkli,,https://www.epey.com/yazici/canon-pixma-e3440.html
Xerox WorkCentre 3335,3009.99,Lazer,Siyah,,https://www.epey.com/yazici/xerox-workcentre-3335.html
Epson EcoTank L3150,1905.12,Mürekkepli,Renkli,,https://www.epey.com/yazici/epson-ecotank-l3150.html
Xerox WorkCentre 3025,1621.95,Lazer,Siyah,,https://www.epey.com/yazici/xerox-workcentre-3025v-bi.html
HP Laser 107A,1198.8,Lazer,Siyah,,https://www.epey.com/yazici/hp-laser-107a.html
HP Ink Tank Wireless 415 Z4B53A,1598.99,Mürekkepli,Renkli,,https://www.epey.com/yazici/hp-ink-tank-wireless-415-z4b53a.html
Canon Pixma GM2040,1069.95,Mürekkepli,Siyah,,https://www.epey.com/yazici/canon-pixma-gm2040.html
Epson EcoTank L3160,2249.0,Mürekkepli,Renkli,,https://www.epey.com/yazici/epson-ecotank-l3160.html
HP Laser MFP 135w,1852.5,Lazer,Siyah,,https://www.epey.com/yazici/hp-laser-mfp-135w.html
Xerox Workcentre 3345,4318.71,Lazer,Siyah,,https://www.epey.com/yazici/xerox-workcentre-3345.html
Canon MAXIFY iB4050,2270.0,Mürekkepli,Renkli,,https://www.epey.com/yazici/canon-maxify-ib4050.html
Samsung SCX-3405F,,Lazer,Siyah,,https://www.epey.com/yazici/samsung-scx-3405f.html
Panasonic KX-P 1150,,Nokta Vuruşlu,Siyah,,https://www.epey.com/yazici/panasonic-kx-p-1150.html
HP M1522NF,,Lazer,Siyah,,https://www.epey.com/yazici/hp-m1522nf.html
Canon Pixma GM4040,,Mürekkepli,Siyah,,https://www.epey.com/yazici/canon-pixma-gm4040.html
Canon LBP623CDW,,Lazer,Renkli,,https://www.epey.com/yazici/canon-lbp623cdw.html
Samsung ProXpress M4020ND,,Lazer,Siyah,,https://www.epey.com/yazici/samsung-proxpress-m4020nd.html
Lexmark CX410de,,Lazer,Renkli,,https://www.epey.com/yazici/lexmark-cx410de.html
Canon Maxify GX6050,,Mürekkepli,Renkli,,https://www.epey.com/yazici/canon-maxify-gx6050.html
Samsung SCX3405,,Lazer,Siyah,,https://www.epey.com/yazici/samsung-scx3405.html
Canon PIXMA G5040,,Mürekkepli,Renkli,,https://www.epey.com/yazici/canon-pixma-g5040.html
Canon PIXMA G3400,,Mürekkepli,Renkli,,https://www.epey.com/yazici/canon-pixma-g3400.html
Samsung MultiXpress SL-X7600LX,33984.0,Lazer,Renkli,,https://www.epey.com/yazici/samsung-multixpress-x7600lx.html
HP DeskJet Ink Advantage 3835,2000.0,Mürekkepli,Renkli,,https://www.epey.com/yazici/hp-deskjet-ink-advantage-3835.html
Canon MAXIFY MB5450,,Mürekkepli,Renkli,,https://www.epey.com/yazici/canon-maxify-mb5450.html
HP DeskJet 2130,,Mürekkepli,Renkli,,https://www.epey.com/yazici/hp-deskjet-2130.html
Lexmark CX310N,4383.85,Lazer,Renkli,,https://www.epey.com/yazici/lexmark-cx310n.html
Lexmark MX521DE,4498.0,Lazer,Renkli,,https://www.epey.com/yazici/lexmark-mx521de.html
Lexmark MS823DN,6950.0,Lazer,Siyah,,https://www.epey.com/yazici/lexmark-ms823dn.html
Lexmark MS421DW,5170.5,Lazer,Siyah,,https://www.epey.com/yazici/lexmark-ms421dw.html
Brother MFC-T4500DW,10069.0,Mürekkepli,Renkli,,https://www.epey.com/yazici/brother-mfc-t4500dw-2.html
Canon I-Sensys LBP214DW,3479.0,Lazer,Siyah,,https://www.epey.com/yazici/canon-i-sensys-lbp214dw.html
Canon Pixma MX395,1344.0,Mürekkepli,Renkli,,https://www.epey.com/yazici/canon-pixma-mx395.html
Canon I-Sensys MF264DW,5300.0,Mürekkepli,Renkli,,https://www.epey.com/yazici/canon-i-sensys-mf264dw.html
Epson Workforce AL-M320DN,3207.06,Lazer,Siyah,,https://www.epey.com/yazici/epson-workforce-al-m320dn.html
Epson Workforce Pro WF-C8190DW,6849.9,Mürekkepli,Renkli,,https://www.epey.com/yazici/epson-workforce-pro-wf-c8190dw.html
Olivetti D-Copia 3524MF,4992.0,Lazer,Siyah,,https://www.epey.com/yazici/olivetti-d-copia-3524mf.html
OKI ES4192DN,9597.76,Lazer,Siyah,,https://www.epey.com/yazici/oki-es4192dn.html
Epson EcoTank M15140,6649.0,Mürekkepli,Renkli,,https://www.epey.com/yazici/epson-ecotank-m15140.html
HP DeskJet 2721 (7FR54B),558.98,Mürekkepli,Renkli,,https://www.epey.com/yazici/hp-deskjet-2721-7fr54b.html
Epson EcoTank L3260,2299.0,Mürekkepli,Renkli,,https://www.epey.com/yazici/epson-ecotank-l3260.html
HP LaserJet Pro M428dw,3489.6,Lazer,Siyah,,https://www.epey.com/yazici/hp-laserjet-pro-m428dw-w1a28a.html
HP LaserJet M236D,1582.51,Lazer,Siyah,,https://www.epey.com/yazici/hp-laserjet-m236d.html
Epson EcoTank L6570,7700.0,Mürekkepli,Renkli,,https://www.epey.com/yazici/epson-ecotank-l6570.html
Pantum P2500,818.03,Lazer,Siyah,,https://www.epey.com/yazici/pantum-p2500.html
Pantum P2500W,828.48,Lazer,Siyah,,https://www.epey.com/yazici/pantum-p2500w.html
Lexmark B2338DW,1266.78,Lazer,Siyah,,https://www.epey.com/yazici/lexmark-b2338dw.html
Brother MFC-L2716DW,3723.84,Lazer,Siyah,,https://www.epey.com/yazici/brother-mfc-l2716dw.html
HP DeskJet Plus 4120 (3XV14B),685.99,Mürekkepli,Renkli,,https://www.epey.com/yazici/hp-deskjet-plus-4120-3xv14b.html
Xerox B215V-DNI,1995.0,Lazer,Siyah,,https://www.epey.com/yazici/xerox-b215v-dni.html
Lexmark MB2236ADW,1583.03,Lazer,Siyah,,https://www.epey.com/yazici/lexmark-mb2236adw.html
Canon i-SENSYS LBP223DW,2009.7,Lazer,Siyah,,https://www.epey.com/yazici/canon-i-sensys-lbp223dw.html
Canon i-SENSYS MF237w,3316.45,Lazer,Siyah,,https://www.epey.com/yazici/canon-i-sensys-mf237w.html
Brother DCP-T420W,1626.8,Mürekkepli,Renkli,,https://www.epey.com/yazici/brother-dcp-t420w.html
Xerox B205V-NI,1776.0,Lazer,Siyah,,https://www.epey.com/yazici/xerox-b205v-ni.html
HP Laser MFP 135a,1649.99,Lazer,Siyah,,https://www.epey.com/yazici/hp-laser-mfp-135a.html
HP Ink Tank 315 Z4B04A,1343.04,Mürekkepli,Renkli,,https://www.epey.com/yazici/hp-ink-tank-315-z4b04a.html
Canon i-SENSYS MF645Cx,7280.0,Lazer,Renkli,,https://www.epey.com/yazici/canon-i-sensys-mf645cx.html
Epson EcoTank L4266,3300.4,Mürekkepli,Renkli,,https://www.epey.com/yazici/epson-ecotank-l4266.html
HP M137fnw (4ZB84A),2475.0,Lazer,Siyah,,https://www.epey.com/yazici/hp-m137fnw-4zb84a.html
HP OfficeJet Pro 7720,2147.0,Mürekkepli,Renkli,,https://www.epey.com/yazici/hp-officejet-pro-7720-y0s18a.html
Canon Pixma E304,659.99,Mürekkepli,Renkli,,https://www.epey.com/yazici/canon-pixma-e304.html
Canon Pixma G2460,1274.88,Mürekkepli,Renkli,,https://www.epey.com/yazici/canon-pixma-g2460.html
Epson EcoTank L3156,1959.0,Mürekkepli,Renkli,,https://www.epey.com/yazici/epson-l3156.html
Brother HL-1111,1464.0,Lazer,Siyah,,https://www.epey.com/yazici/brother-hl-1111.html
Canon I-Sensys MF269DW,2632.41,Lazer,Siyah,,https://www.epey.com/yazici/canon-i-sensys-mf269dw.html
Epson EcoTank L5296,3001.0,Mürekkepli,Renkli,,https://www.epey.com/yazici/epson-ecotank-l5296.html
Brother DCP-T520W,1882.81,Mürekkepli,Renkli,,https://www.epey.com/yazici/brother-dcp-t520w.html
Ricoh SP C261SFNw,3720.99,Lazer,Renkli,,https://www.epey.com/yazici/ricoh-sp-c261sfnw.html
Lexmark MX722ADE,9869.79,Lazer,Siyah,,https://www.epey.com/yazici/lexmark-mx722ade.html
HP LaserJet M554DN,7090.0,Lazer,Renkli,,https://www.epey.com/yazici/hp-laserjet-m554dn.html
Canon Pixma G540,2339.52,Mürekkepli,Renkli,,https://www.epey.com/yazici/canon-pixma-g540.html
Lexmark CX331ADWE,6646.87,Lazer,Renkli,,https://www.epey.com/yazici/lexmark-cx331adwe.html
HP LaserJet Enterprise M455DN,4639.99,Lazer,Renkli,,https://www.epey.com/yazici/hp-laserjet-enterprise-m455dn.html
HP Enterprise M406dn,3712.7,Lazer,Siyah,,https://www.epey.com/yazici/hp-enterprise-m406dn.html
Canon MF641CW,6300.0,Lazer,Renkli,,https://www.epey.com/yazici/canon-mf641cw.html
Canon Pixma Pro 200,4127.04,Mürekkepli,Renkli,,https://www.epey.com/yazici/canon-pixma-pro-200.html
Brother HL-T4000DW,8169.0,Mürekkepli,Renkli,,https://www.epey.com/yazici/brother-hl-t4000dw.html
Canon Lazer MF428X,7200.0,Lazer,Siyah,,https://www.epey.com/yazici/canon-lazer-mf428x.html
Pantum BP5100DN,5699.0,Lazer,Renkli,,https://www.epey.com/yazici/pantum-bp5100dn.html
Oki MC883DN,42947.08,Lazer,Renkli,,https://www.epey.com/yazici/oki-mc883dn.html
Lexmark MS812DE,7000.0,Lazer,Siyah,,https://www.epey.com/yazici/lexmark-ms812de.html
Brother HL-5100DN,7441.55,Lazer,Siyah,,https://www.epey.com/yazici/brother-hl-5100dn.html
Lexmark MX331ADN,4639.0,Lazer,Renkli,,https://www.epey.com/yazici/lexmark-mx331adn.html
Oki ES5162DNW,8639.04,Lazer,Siyah,,https://www.epey.com/yazici/oki-es5162dnw.html
Konica Bizhub 5020I,9504.0,Lazer,Siyah,,https://www.epey.com/yazici/konica-bizhub-5020i.html
HP Designjet T1600,48800.0,Mürekkepli,Renkli,,https://www.epey.com/yazici/hp-designjet-t1600.html
Epson M-1100,1687.35,Mürekkepli,Renkli,,https://www.epey.com/yazici/epson-m-1100.html
Ricoh SP-330DN,2016.0,Lazer,Siyah,,https://www.epey.com/yazici/ricoh-sp-330dn.html
Oki C824N,12670.64,Lazer,Siyah,,https://www.epey.com/yazici/oki-c824n.html
Epson EcoTank M2120,2000.0,Mürekkepli,Siyah,,https://www.epey.com/yazici/epson-ecotank-m2120.html
Kyocera 4012I,34500.0,Lazer,Siyah,,https://www.epey.com/yazici/kyocera-4012i.html
Kyocera P6230CDN,5040.0,Mürekkepli,Renkli,,https://www.epey.com/yazici/kyocera-p6230cdn.html
Kyocera M6230CIDN,9850.0,Lazer,Renkli,,https://www.epey.com/yazici/kyocera-m6230cidn.html
Lexmark CS331DW,3186.09,Lazer,Renkli,,https://www.epey.com/yazici/lexmark-cs331dw.html
HP Designjet T230,9784.75,Mürekkepli,Renkli,,https://www.epey.com/yazici/hp-designjet-t230.html
Epson EcoTank L6550,6999.0,Mürekkepli,Renkli,,https://www.epey.com/yazici/epson-ecotank-l6550.html
OKI ML5520 ECO,7464.1,Nokta Vuruşlu,Siyah,,https://www.epey.com/yazici/oki-ml5520-eco.html
OKI ML4410,3917.01,Nokta Vuruşlu,Siyah,,https://www.epey.com/yazici/oki-ml4410.html
Oki ML5790,10794.0,Nokta Vuruşlu,Siyah,,https://www.epey.com/yazici/oki-ml5790.html
OKI ML5590 ECO,8095.4,Nokta Vuruşlu,Siyah,,https://www.epey.com/yazici/oki-ml5590-eco.html
OKI ML3390 Eco,7856.0,Nokta Vuruşlu,Siyah,,https://www.epey.com/yazici/oki-ml3390-eco.html
OKI ML5721 ECO,7195.6,Nokta Vuruşlu,Siyah,,https://www.epey.com/yazici/oki-ml5721-eco.html
Epson LX-350,2290.0,Nokta Vuruşlu,Siyah,,https://www.epey.com/yazici/epson-lx-350.html
Samsung CLX-6260FR,7799.0,Lazer,Renkli,,https://www.epey.com/yazici/samsung-clx-6260fr.html
Canon Selphy Square QX10,919.0,Süblimasyon,Renkli,,https://www.epey.com/yazici/canon-selphy-square-qx10.html
Canon i-SENSYS MF3010,2650.0,Lazer,Siyah,,https://www.epey.com/yazici/canon-i-sensys-mf3010.html
HP Neverstop Laser 1000N,2119.0,Lazer,Siyah,,https://www.epey.com/yazici/hp-neverstop-laser-1000n-5hg74a.html
HP Smart Tank 519 (3YW73A),2137.61,Mürekkepli,Renkli,,https://www.epey.com/yazici/hp-smart-tank-519-3yw73a.html
OKI ML5720 ECO,7959.7,Nokta Vuruşlu,Siyah,,https://www.epey.com/yazici/oki-ml5720-eco.html
OKI ML-3320eco,6089.29,Nokta Vuruşlu,Siyah,,https://www.epey.com/yazici/oki-ml-3320eco.html
Kodak Smile Instant,1990.0,ZINK,Renkli,,https://www.epey.com/yazici/kodak-smile-instant.html
Polaroid POP,1200.0,ZINK,Renkli,,https://www.epey.com/yazici/polaroid-pop.html
Xerox VersaLink C8000V-DT,27404.75,Lazer,Renkli,,https://www.epey.com/yazici/xerox-versalink-c8000v-dt.html
Samsung ProXpress SL-M4583FX,7290.0,Lazer,Siyah,,https://www.epey.com/yazici/samsung-proxpress-sl-m4583fx.html
Lexmark CX921DE,40494.03,Lazer,Renkli,,https://www.epey.com/yazici/lexmark-cx921de.html
Lexmark MS321DN,1702.94,Lazer,Siyah,,https://www.epey.com/yazici/lexmark-ms321dn.html
Lexmark CS720DE,7964.11,Lazer,Renkli,,https://www.epey.com/yazici/lexmark-cs720de.html
Lexmark MX421ADE,7571.43,Lazer,Siyah,,https://www.epey.com/yazici/lexmark-mx421ade.html
OKI MC363dnw,4539.99,Lazer,Renkli,,https://www.epey.com/yazici/oki-mc363dnw.html
HP LaserJet Pro M182N,3390.99,Lazer,Renkli,,https://www.epey.com/yazici/hp-laserjet-pro-m182n.html
Lexmark MX521ADE,3456.0,Lazer,Siyah,,https://www.epey.com/yazici/lexmark-mx521ade.html
Brother HL-L3270CDW,5445.0,Lazer,Renkli,,https://www.epey.com/yazici/brother-hl-l3270cdw.html
HP LaserJet Pro M304A,2519.0,Lazer,Siyah,,https://www.epey.com/yazici/hp-laserjet-pro-m304a.html
Lexmark MS821DN,5750.4,Lazer,Siyah,,https://www.epey.com/yazici/lexmark-ms821dn.html
Fujifilm Instax Share SP-3,1829.0,OLED Pozlama,Renkli,,https://www.epey.com/yazici/instax-share-sp-3.html
Fujifilm Instax Share SP-2,852.35,OLED Pozlama,Renkli,,https://www.epey.com/yazici/fujifilm-instax-share-sp-2.html
HP Neverstop Laser MFP 1200a (4QD21A),2811.0,Lazer,Siyah,,https://www.epey.com/yazici/hp-neverstop-mfp-1200a-4qd21a.html
Ricoh SP330SN,2736.0,Lazer,Siyah,,https://www.epey.com/yazici/ricoh-sp330sn.html
Canon i-SENSYS LBP352X,5677.0,Lazer,Siyah,,https://www.epey.com/yazici/canon-i-sensys-lbp352x.html
HP Color LaserJet Pro M254nw,5628.37,Lazer,Renkli,,https://www.epey.com/yazici/hp-color-laserjet-pro-m254nw-t6b59a.html
Canon i-SENSYS LBP6680x,5988.48,Lazer,Siyah,,https://www.epey.com/yazici/canon-i-sensys-lbp6680x.html
Pantum P3500DN,1850.0,Lazer,Siyah,,https://www.epey.com/yazici/pantum-p3500dn.html
Xerox Phaser 3610V DN,2999.0,Lazer,Siyah,,https://www.epey.com/yazici/xerox-phaser-3610v-dn.html
Xerox VersaLink B405,6590.99,Lazer,Siyah,,https://www.epey.com/yazici/xerox-versalink-b405v-dn.html
Lexmark MS317dn,1919.04,Lazer,Siyah,,https://www.epey.com/yazici/lexmark-ms317dn.html
Xerox VersaLink C405,12300.0,Lazer,Renkli,,https://www.epey.com/yazici/xerox-versalink-c405v-dn.html
Xerox VersaLink C400,10998.05,Lazer,Renkli,,https://www.epey.com/yazici/xerox-versalink-c400.html
Xerox VersaLink B400,5423.1,Lazer,Siyah,,https://www.epey.com/yazici/xerox-versalink-b400v-dn.html
OKI MB770DN,11039.04,Lazer,Siyah,,https://www.epey.com/yazici/oki-mb770dn.html
Epson WorkForce AL-M300DN,2112.5,Lazer,Siyah,,https://www.epey.com/yazici/epson-workforce-al-m300dn.html
HP Color LaserJet Enterprise M553n,6979.14,Lazer,Renkli,,https://www.epey.com/yazici/hp-color-laserjet-enterprise-m553n.html
Xerox Phaser 7800,24999.0,Lazer,Renkli,,https://www.epey.com/yazici/xerox-phaser-7800v-dn.html
OKI MC362dn,4340.0,Lazer,Renkli,,https://www.epey.com/yazici/oki-mc362dn.html
Xerox WorkCentre 5024,4773.86,Lazer,Siyah,,https://www.epey.com/yazici/xerox-workcentre-5024.html
Xerox Phaser 3052,2124.91,Lazer,Siyah,,https://www.epey.com/yazici/xerox-phaser-3052.html
HP LaserJet Pro M501dn,6235.2,Lazer,Siyah,,https://www.epey.com/yazici/hp-laserjet-pro-m501dn.html
OKI C712dn,16867.52,Lazer,Renkli,,https://www.epey.com/yazici/oki-c712dn.html
Canon imagePROGRAF PRO-1000,13439.04,Mürekkepli,Renkli,,https://www.epey.com/yazici/canon-imageprograf-pro-1000.html
Canon PIXMA PRO-10s,5759.04,Mürekkepli,Renkli,,https://www.epey.com/yazici/canon-pixma-pro-10.html
Pantum M6600NW,1900.0,Lazer,Siyah,,https://www.epey.com/yazici/pantum-m6600nw.html
Brother MFC-L6700DW,15048.79,Lazer,Siyah,,https://www.epey.com/yazici/brother-mfc-l6700dw.html
Samsung ProXpress M3825ND,3500.0,Lazer,Siyah,,https://www.epey.com/yazici/samsung-proxpress-m3825nd.html
Samsung ProXpress M4075FR,5217.9,Lazer,Siyah,,https://www.epey.com/yazici/samsung-proxpress-m4075fr.html
Brother MFC-L6900DW,12212.44,Lazer,Siyah,,https://www.epey.com/yazici/brother-mfc-l6900dw.html
HP Color LaserJet Enterprise M552dn,7981.44,Lazer,Renkli,,https://www.epey.com/yazici/hp-color-laserjet-enterprise-m552dn.html
HP LaserJet Pro M227fdw,3618.12,Lazer,Siyah,,https://www.epey.com/yazici/hp-laserjet-pro-m227fdw.html
HP PageWide Pro 477dw,9215.04,Mürekkepli,Renkli,,https://www.epey.com/yazici/hp-pagewide-pro-477dw.html
HP PageWide Pro 452dw,8199.0,Mürekkepli,Renkli,,https://www.epey.com/yazici/hp-pagewide-pro-452dw.html
Kyocera Ecosys P4040DN,,Lazer,Siyah,,https://www.epey.com/yazici/kyocera-ecosys-p4040dn.html
Samsung ML-2165,,Lazer,Siyah,,https://www.epey.com/yazici/samsung-ml-2165.html
Oki C834NW,,Lazer,Renkli,,https://www.epey.com/yazici/oki-c834nw.html
HP LASERJET 1018,,Lazer,Siyah,,https://www.epey.com/yazici/hp-laserjet-1018.html
Canon MF542X,,Lazer,Siyah,,https://www.epey.com/yazici/canon-mf542x.html
Lexmark X2670,,Mürekkepli,Renkli,,https://www.epey.com/yazici/lexmark-x2670.html
HP Page Wide M477DN,,Mürekkepli,Renkli,,https://www.epey.com/yazici/hp-page-wide-m477dn.html
HP Deskjett F2480,,Mürekkepli,Renkli,,https://www.epey.com/yazici/hp-deskjett-f2480.html
Lexmark 2580,,Nokta Vuruşlu,Siyah,,https://www.epey.com/yazici/lexmark-2580.html
HP Color LaserJet Pro MFP M283FDN,,Lazer,Renkli,,https://www.epey.com/yazici/hp-color-laserjet-pro-mfp-m283fdn.html
Brother PJ-773,,Lazer,Renkli,,https://www.epey.com/yazici/brother-pj-773.html
Brother PJ-763,,Lazer,Renkli,,https://www.epey.com/yazici/brother-pj-763.html
Lexmark 2480,,Nokta Vuruşlu,Siyah,,https://www.epey.com/yazici/lexmark-2480.html
HP Deskjet 3050A,,Mürekkepli,Renkli,,https://www.epey.com/yazici/hp-deskjet-3050a.html
HP 8AF43A M438N,,Lazer,Siyah,,https://www.epey.com/yazici/hp-8af43a-m438n.html
Xerox PE220,,Lazer,Renkli,,https://www.epey.com/yazici/xerox-pe220.html
Epson FX-890,,Nokta Vuruşlu,Siyah,,https://www.epey.com/yazici/epson-fx-890.html
Epson LQ-590II,,Nokta Vuruşlu,Siyah,,https://www.epey.com/yazici/epson-lq-590ii.html
OKI ML6300FB-SC,,Nokta Vuruşlu,Siyah,,https://www.epey.com/yazici/oki-ml6300fb-sc.html
OKI ML395,,Nokta Vuruşlu,Siyah,,https://www.epey.com/yazici/oki-ml395.html
OKI ML3391eco,,Nokta Vuruşlu,Siyah,,https://www.epey.com/yazici/oki-ml3391eco.html
OKI ML1190 Eco,,Nokta Vuruşlu,Siyah,,https://www.epey.com/yazici/oki-ml1190-eco.html
OKI ML-1120,,Nokta Vuruşlu,Siyah,,https://www.epey.com/yazici/oki-ml-1120.html
Oki ML5100FB,,Nokta Vuruşlu,Siyah,,https://www.epey.com/yazici/oki-ml5100fb.html
OKI ML5791ECO,,Nokta Vuruşlu,Siyah,,https://www.epey.com/yazici/oki-ml5791eco-44210205.html
Oki ML5591 Eco,,Nokta Vuruşlu,Siyah,,https://www.epey.com/yazici/oki-ml5591-eco.html
OKI ML3321,,Nokta Vuruşlu,Siyah,,https://www.epey.com/yazici/oki-ml3321.html
Mitaco MC-3045DN,,Lazer,Siyah,,https://www.epey.com/yazici/mitaco-mc-3045dn.html
Samsung CLP-365,,Lazer,Renkli,,https://www.epey.com/yazici/samsung-clp-365.html
Canon i-SENSYS LBP653Cdw,,Lazer,Renkli,,https://www.epey.com/yazici/canon-i-sensys-lbp653cdw.html
HP M1132,,Lazer,Siyah,,https://www.epey.com/yazici/hp-m1132.html
Samsung SCX-4521F,,Lazer,Renkli,,https://www.epey.com/yazici/samsung-scx-4521f.html
HP LaserJet M507DN,,Lazer,Siyah,,https://www.epey.com/yazici/hp-laserjet-m507dn.html
HP Smart Tank 513,,Mürekkepli,Renkli,,https://www.epey.com/yazici/hp-smart-tank-513.html
HP M1212NF,,Lazer,Siyah,,https://www.epey.com/yazici/hp-m1212nf.html
HP LaserJet P2015,,Lazer,Siyah,,https://www.epey.com/yazici/hp-laserjet-p2015.html
HP PageWide P57750DW,,Mürekkepli,Renkli,,https://www.epey.com/yazici/hp-pagewide-p57750dw.html
Brother HL-3040CN,,Lazer,Renkli,,https://www.epey.com/yazici/brother-hl-3040cn.html
Epson EcoTank L365,,Mürekkepli,Renkli,,https://www.epey.com/yazici/epson-ecotank-l365.html
HP Officejet 6500A Plus,,Mürekkepli,Renkli,,https://www.epey.com/yazici/hp-officejet-6500a-plus.html
Brother MFC-T920DW,,Mürekkepli,Renkli,,https://www.epey.com/yazici/brother-mfc-t920dw.html
Ricoh SP311SFNW,,Lazer,Siyah,,https://www.epey.com/yazici/ricoh-sp311sfnw.html
Pantum M7105DN,,Lazer,Siyah,,https://www.epey.com/yazici/pantum-m7105dn.html
Canon MB2350,,Mürekkepli,Renkli,,https://www.epey.com/yazici/canon-mb2350.html
Canon Pixma G3460,,Mürekkepli,Renkli,,https://www.epey.com/yazici/canon-pixma-g3460.html
Canon I-Senysy LBP6670DN,,Lazer,Siyah,,https://www.epey.com/yazici/canon-i-senysy-lbp6670dn.html
HP LaserJet M442DN,,Lazer,Renkli,,https://www.epey.com/yazici/hp-laserjet-m442dn.html
OKİ B430D,,Lazer,Siyah,,https://www.epey.com/yazici/oki-b430d.html
Xerox Phaser 3100MFP,,Lazer,Renkli,,https://www.epey.com/yazici/xerox-phaser-3100mfp.html
HP Officejet 4500,,Mürekkepli,Renkli,,https://www.epey.com/yazici/hp-officejet-4500.html
Samsung SCX-4623F,,Lazer,Siyah,,https://www.epey.com/yazici/samsung-scx-4623f.html
Epson WorkForce Pro WF-5190DW,,Mürekkepli,Siyah,,https://www.epey.com/yazici/epson-workforce-pro-wf-5190dw.html
HP Deskjet 1050A,,Mürekkepli,Renkli,,https://www.epey.com/yazici/hp-deskjet-1050a.html
Epson EcoTank L800,,Mürekkepli,Renkli,,https://www.epey.com/yazici/epson-ecotank-l800.html
Ricoh SP 4510DN,,Lazer,Siyah,,https://www.epey.com/yazici/ricoh-sp-4510dn.html
HP OfficeJet Pro 7720A,,Mürekkepli,Renkli,,https://www.epey.com/yazici/hp-officejet-pro-7720a.html
Canon ImagePrograf TM-300,,Mürekkepli,Renkli,,https://www.epey.com/yazici/canon-imageprograf-tm-300.html
Kyocera 4053CI,,Lazer,Renkli,,https://www.epey.com/yazici/kyocera-4053ci.html
Kyocera M4132IDN,,Lazer,Siyah,,https://www.epey.com/yazici/kyocera-m4132idn.html
Kyocera M3655IDN,,Lazer,Siyah,,https://www.epey.com/yazici/kyocera-m3655idn.html
Epson WF-M5299DW,2919.9,Mürekkepli,Siyah,,https://www.epey.com/yazici/epson-wf-m5299dw.html
HP Color LaserJet Pro M454dw,5300.0,Lazer,Renkli,,https://www.epey.com/yazici/hp-color-laserjet-pro-m454dw.html
HP HP Color LaserJet Pro M454dn,4032.27,Lazer,Renkli,,https://www.epey.com/yazici/hp-hp-color-laserjet-pro-m454dn.html
HP LaserJet Pro M404dn (W1A53A),2326.11,Lazer,Siyah,,https://www.epey.com/yazici/hp-laserjet-pro-m404dn-w1a53a.html
Xerox 6515V_DNI,5539.04,Lazer,Renkli,,https://www.epey.com/yazici/xerox-6515v-dni.html
HP LaserJet Pro M404n,2300.0,Lazer,Siyah,,https://www.epey.com/yazici/hp-laserjet-pro-m404n.html
HP Color Laser 150NW,2840.0,Lazer,Renkli,,https://www.epey.com/yazici/hp-color-laser-150nw.html
HP LaserJet Pro M428fdn,3407.1,Lazer,Siyah,,https://www.epey.com/yazici/hp-laserjet-pro-m428fdn.html
Kyocera ECOSYS M5526cdn,5979.94,Lazer,Renkli,,https://www.epey.com/yazici/kyocera-ecosys-m5526cdn.html
Kyocera M2540DN,6800.0,Lazer,Siyah,,https://www.epey.com/yazici/kyocera-m2540dn.html
Brother MFC-L5750DW,8212.8,Lazer,Siyah,,https://www.epey.com/yazici/brother-mfc-l5750dw.html
Canon Pixma E204,719.01,Mürekkepli,Renkli,,https://www.epey.com/yazici/canon-pixma-e204.html
Brother HL-L2386DW,3489.21,Lazer,Siyah,,https://www.epey.com/yazici/brother-hl-l2386dw.html
Samsung ProXpress SL-M4560FX,7381.6,Lazer,Siyah,,https://www.epey.com/yazici/samsung-proxpress-sl-m4560fx.html
Lexmark CS725DE,8400.0,Lazer,Renkli,,https://www.epey.com/yazici/lexmark-cs725de.html
Xerox Phaser 6510/N,4892.05,Lazer,Renkli,,https://www.epey.com/yazici/xerox-phaser-6510-n.html
Kyocera Ecosys P5026CDN,4092.38,Lazer,Renkli,,https://www.epey.com/yazici/kyocera-ecosys-p5026cdn.html
Kyocera ECOSYS P2040dn,2901.68,Lazer,Siyah,,https://www.epey.com/yazici/kyocera-ecosys-p2040dn.html
Canon PIXMA MG4250,1559.99,Mürekkepli,Renkli,,https://www.epey.com/yazici/canon-pixma-mg4250.html
Kyocera Ecosys P5021CDW,2836.0,Lazer,Renkli,,https://www.epey.com/yazici/kyocera-ecosys-p5021cdw.html
Kyocera ECOSYS P2040dw,3039.0,Lazer,Siyah,,https://www.epey.com/yazici/kyocera-ecosys-p2040dw.html
Kyocera Ecosys P5021CDN,2879.55,Lazer,Renkli,,https://www.epey.com/yazici/kyocera-ecosys-p5021cdn.html
Lexmark MX711de,12249.0,Lazer,Siyah,,https://www.epey.com/yazici/lexmark-mx711de.html
EPSON WF-100W,2849.0,Mürekkepli,Renkli,,https://www.epey.com/yazici/epson-wf-100w.html
Brother FAX-2840,2604.3,Lazer,Siyah,,https://www.epey.com/yazici/brother-fax-2840.html
Xerox VersaLink B600V/DN,6623.04,Lazer,Siyah,,https://www.epey.com/yazici/xerox-versalink-b600v-dn.html
OKI B721DN,4590.0,Lazer,Siyah,,https://www.epey.com/yazici/oki-b721dn.html
OKI MC873dn,19539.17,Lazer,Renkli,,https://www.epey.com/yazici/oki-mc873dn.html
Canon imageCLASS MF426dw,4128.0,Lazer,Siyah,,https://www.epey.com/yazici/canon-imageclass-mf426dw.html
OKI MB760dn,20704.05,Lazer,Siyah,,https://www.epey.com/yazici/oki-mb760dn.html
HP OfficeJet Pro 8210,2112.0,Mürekkepli,Renkli,,https://www.epey.com/yazici/hp-officejet-pro-8210.html
OKI MB492Dn,4512.0,Lazer,Siyah,,https://www.epey.com/yazici/oki-mb492dn.html
Epson EcoTank L310,3279.0,Mürekkepli,Renkli,,https://www.epey.com/yazici/epson-ecotank-l310.html
HP Color LaserJet Pro M452nw,6785.28,Lazer,Renkli,,https://www.epey.com/yazici/hp-color-laserjet-pro-m452nw.html
HP LaserJet Pro M426fdn,8592.0,Lazer,Siyah,,https://www.epey.com/yazici/hp-laserjet-pro-m426fdn.html
HP LaserJet Pro M130nw,4218.67,Lazer,Siyah,,https://www.epey.com/yazici/hp-laserjet-pro-m130nw.html
Samsung ProXpress M3370FD,5500.0,Lazer,Siyah,,https://www.epey.com/yazici/samsung-sl-m3370fd.html
OKI B432dn,1823.04,Lazer,Siyah,,https://www.epey.com/yazici/oki-b432dn.html
Samsung ProXpress M4075FX,6364.2,Lazer,Siyah,,https://www.epey.com/yazici/samsung-proxpress-m4075fx.html
OKI MC363dn,5952.76,Lazer,Renkli,,https://www.epey.com/yazici/oki-mc363dn.html
Brother HL-L6200DW,6000.0,Lazer,Siyah,,https://www.epey.com/yazici/brother-hl-l6200dw.html
Canon i-SENSYS MF247dw,6750.0,Lazer,Siyah,,https://www.epey.com/yazici/canon-i-sensys-mf247dw.html
Canon PIXMA E484,1360.0,Mürekkepli,Renkli,,https://www.epey.com/yazici/canon-pixma-e484.html
Lexmark CX725DHE,,Lazer,Renkli,,https://www.epey.com/yazici/lexmark-cx725dhe.html
Epson Stylus SX620FW,,Mürekkepli,Renkli,,https://www.epey.com/yazici/epson-stylus-sx620fw.html
Canon Pixma MG2450,,Mürekkepli,Renkli,,https://www.epey.com/yazici/canon-pixma-mg2450.html
HP Laserjet CP1215,,Mürekkepli,Renkli,,https://www.epey.com/yazici/hp-laserjet-cp1215.html
Epson WorkForce Pro WF-6090DW,,Mürekkepli,Renkli,,https://www.epey.com/yazici/epson-workforce-pro-wf-6090dw.html
Samsung ML-1660,,Lazer,Siyah,,https://www.epey.com/yazici/samsung-ml-1660.html
Samsung ML-1640,,Lazer,Siyah,,https://www.epey.com/yazici/samsung-ml-1640.html
HP Laserjet PRO200 M276N,,Lazer,Renkli,,https://www.epey.com/yazici/hp-laserjet-pro200-m276n.html
Lexmark X4550,,Mürekkepli,Renkli,,https://www.epey.com/yazici/lexmark-x4550.html
Epson EcoTank L6260,,Mürekkepli,Renkli,,https://www.epey.com/yazici/epson-ecotank-l6260.html
Canon Pixma IP1800,,Mürekkepli,Renkli,,https://www.epey.com/yazici/canon-pixma-ip1800.html
HP Officejet 5610 All-In-One,,Mürekkepli,Renkli,,https://www.epey.com/yazici/hp-officejet-5610-all-in-one.html
Epson FX-2190,,Nokta Vuruşlu,Siyah,,https://www.epey.com/yazici/epson-fx-2190.html
Xerox C235,,Lazer,Renkli,,https://www.epey.com/yazici/xerox-c235.html
Xerox C230DNI,,Lazer,Renkli,,https://www.epey.com/yazici/xerox-c230dni.html
Canon Maxify GX6040,,Mürekkepli,Renkli,,https://www.epey.com/yazici/canon-maxify-gx6040.html
Samsung SCX-3200,,Lazer,Renkli,,https://www.epey.com/yazici/samsung-scx-3200.html
Canon Pixma G7040,,Mürekkepli,Renkli,,https://www.epey.com/yazici/canon-pixma-g7040.html
Epson EcoTank L14150,,Mürekkepli,Renkli,,https://www.epey.com/yazici/epson-ecotank-l14150.html
Canon i-SENSYS MF429X,,Lazer,Siyah,,https://www.epey.com/yazici/canon-i-sensys-mf429x.html
OKI ML5521,,Nokta Vuruşlu,Siyah,,https://www.epey.com/yazici/oki-ml5521.html
Epson PLQ-30,,Nokta Vuruşlu,Siyah,,https://www.epey.com/yazici/epson-plq-30.html
HP LaserJet Enterprise M725DN,,Lazer,Siyah,,https://www.epey.com/yazici/hp-laserjet-enterprise-m725dn.html
Canon imageRUNNER 1643iF,,Lazer,Siyah,,https://www.epey.com/yazici/canon-imagerunner-1643if.html
HP LaserJet Enterprise M528dn,,Lazer,Siyah,,https://www.epey.com/yazici/hp-laserjet-enterprise-m528dn.html
HP LaserJet Enterprise M528f,,Lazer,Siyah,,https://www.epey.com/yazici/hp-laserjet-enterprise-m528f.html
Xerox VersaLink C9000V-DT,,Lazer,Renkli,,https://www.epey.com/yazici/xerox-c9000v-dt.html
Epson EcoTank M3140,,Mürekkepli,Siyah,,https://www.epey.com/yazici/epson-ecotank-m3140.html
Lexmark CS622DE,,Lazer,Renkli,,https://www.epey.com/yazici/lexmark-cs622de.html
Lexmark MC3224ADWE,,Lazer,Renkli,,https://www.epey.com/yazici/lexmark-mc3224adwe.html
Lexmark C3224DW,,Lazer,Renkli,,https://www.epey.com/yazici/lexmark-c3224dw.html
Canon LBP162DW,,Lazer,Siyah,,https://www.epey.com/yazici/canon-lbp162dw.html
HP DeskJet 2633,,Mürekkepli,Renkli,,https://www.epey.com/yazici/hp-deskjet-2633-v1n06b.html
Brother DCP-L3551CDW,,Lazer,Renkli,,https://www.epey.com/yazici/brother-dcp-l3551cdw.html
HP M282nw (7KW72A),,Lazer,Renkli,,https://www.epey.com/yazici/hp-m282nw-7kw72a.html
HP Color LaserJet Pro M479DW (W1A77A),,Lazer,Renkli,,https://www.epey.com/yazici/hp-color-laserjet-pro-m479dw.html
HP Neverstop Laser 1000w,,Lazer,Siyah,,https://www.epey.com/yazici/hp-neverstop-1000w-4ry23a.html
Kodak Mini PM-210,,D2T2,Renkli,,https://www.epey.com/yazici/kodak-mini-pm-210.html
Lexmark MC2425ADW,,Lazer,Renkli,,https://www.epey.com/yazici/lexmark-mc2425adw.html
HP M479FNW,,Lazer,Renkli,,https://www.epey.com/yazici/hp-m479fnw.html
HP Ink Tank 410,,Mürekkepli,Renkli,,https://www.epey.com/yazici/hp-ink-tank-410.html
Lexmark C2425DW,,Lazer,Renkli,,https://www.epey.com/yazici/lexmark-c2425dw.html
Epson EcoTank M2140,,Mürekkepli,Siyah,,https://www.epey.com/yazici/epson-ecotank-m2140.html
Canon Laser Fax L170 CN209,,Lazer,Siyah,,https://www.epey.com/yazici/canon-laser-fax-l170-cn209.html
Canon PIXMA TS5051,,Mürekkepli,Renkli,,https://www.epey.com/yazici/canon-pixma-ts5051.html
Canon i-SENSYS MF633CDW,,Lazer,Renkli,,https://www.epey.com/yazici/canon-i-sensys-mf633cdw.html
Canon PIXMA TS3150,,Mürekkepli,Renkli,,https://www.epey.com/yazici/canon-pixma-ts3150.html
Epson EcoTank ITS L6170,,Mürekkepli,Renkli,,https://www.epey.com/yazici/epson-ecotank-its-l6170.html
Canon PIXMA MG5750,,Mürekkepli,Renkli,,https://www.epey.com/yazici/canon-pixma-mg5750.html
HP Deskjet Ink 3789,,Mürekkepli,Renkli,,https://www.epey.com/yazici/hp-deskjet-ink-3789-t8w50c.html
Samsung Xpress SL-M2070,,Lazer,Siyah,,https://www.epey.com/yazici/samsung-xpress-sl-m2070.html
Canon Pixma TS3151,,Mürekkepli,Renkli,,https://www.epey.com/yazici/canon-pixma-ts3151.html
Canon PIXMA MX495,,Mürekkepli,Renkli,,https://www.epey.com/yazici/canon-pixma-mx495.html
HP LaserJet Pro 500 M570DNF,,Lazer,Renkli,,https://www.epey.com/yazici/hp-laserjet-pro-500-m570dnf.html
Epson WF-R5690DTWF WorkForce Pro,,Mürekkepli,Renkli,,https://www.epey.com/yazici/epson-wf-r5690dtwf-workforce-pro.html
Panasonic KX-MB2130-TK-B,,Lazer,Siyah,,https://www.epey.com/yazici/panasonic-kx-mb2130-tk-b.html
OKI B731DNW,,Lazer,Siyah,,https://www.epey.com/yazici/oki-b731dnw.html
Lexmark MS810dn,,Lazer,Siyah,,https://www.epey.com/yazici/lexmark-ms810dn.html
Xerox B1025,,Lazer,Siyah,,https://www.epey.com/yazici/xerox-b1025.html
Epson WorkForce AL-C500DN,,Lazer,Renkli,,https://www.epey.com/yazici/epson-workforce-al-c500dn.html
Epson EcoTank L7180,,Mürekkepli,Renkli,,https://www.epey.com/yazici/epson-ecotank-l7180.html
Epson WP-6590DTWDC,,Mürekkepli,Renkli,,https://www.epey.com/yazici/epson-wp-6590dtwdc.html
HP LaserJet Pro M402d,,Lazer,Siyah,,https://www.epey.com/yazici/hp-laserjet-pro-m402d-c5f92a.html
Xerox B1022V,,Lazer,Siyah,,https://www.epey.com/yazici/xerox-b1022v.html
Epson EcoTank L7160,,Mürekkepli,Renkli,,https://www.epey.com/yazici/epson-ecotank-l7160.html
Ricoh SP277SFNW,,Lazer,Siyah,,https://www.epey.com/yazici/ricoh-sp277sfnw.html
Canon MAXIFY MB2755,,Mürekkepli,Renkli,,https://www.epey.com/yazici/canon-maxify-mb2755.html
Lexmark E260D,,Lazer,Siyah,,https://www.epey.com/yazici/lexmark-e260d.html
Canon PIXMA TS9150,,Mürekkepli,Renkli,,https://www.epey.com/yazici/canon-pixma-ts9150.html
Kyocera Ecosys M5526cdw,,Lazer,Renkli,,https://www.epey.com/yazici/kyocera-ecosys-m5526cdw.html
Epson SureColor SC-P400,,Mürekkepli,Renkli,,https://www.epey.com/yazici/epson-surecolor-sc-p400.html
Kyocera FS-1020MFP,,Lazer,Siyah,,https://www.epey.com/yazici/kyocera-fs-1020mfp.html
HP LaserJet M433a (1VR14A),,Lazer,Siyah,,https://www.epey.com/yazici/hp-laserjet-m433a-1vr14a.html
Kyocera FS-1025MFP,,Lazer,Siyah,,https://www.epey.com/yazici/kyocera-fs-1025mfp.html
Ricoh SP 277SFNWX,,Lazer,Siyah,,https://www.epey.com/yazici/ricoh-sp-277sfnwx.html
Lexmark X654de,,Lazer,Siyah,,https://www.epey.com/yazici/lexmark-x654de.html
Samsung ProXpress SL-C4060FX,,Lazer,Renkli,,https://www.epey.com/yazici/samsung-proxpress-sl-c4060fx.html
Canon MAXIFY MB5150,,Mürekkepli,Renkli,,https://www.epey.com/yazici/canon-maxify-mb5150.html
OKI C823dn,,Lazer,Renkli,,https://www.epey.com/yazici/oki-c823dn.html
Brother MFC-L2751DW,,Lazer,Siyah,,https://www.epey.com/yazici/brother-mfc-l2751dw.html
Samsung CLP-680ND,,Lazer,Renkli,,https://www.epey.com/yazici/samsung-clp-680nd.html
Samsung SCX-6545N,,Lazer,Siyah,,https://www.epey.com/yazici/samsung-scx-6545n.html
HP LaserJet Enterprise M608N,,Lazer,Siyah,,https://www.epey.com/yazici/hp-laserjet-enterprise-m608n-k0q17a.html
Pantum P3500DW,,Lazer,Siyah,,https://www.epey.com/yazici/pantum-p3500dw.html
Lexmark X1270,,Mürekkepli,Renkli,,https://www.epey.com/yazici/lexmark-x1270.html
Lexmark MX710de,,Lazer,Siyah,,https://www.epey.com/yazici/lexmark-mx710de.html
HP Deskjet 1510,,Mürekkepli,Renkli,,https://www.epey.com/yazici/hp-deskjet-1510-b2l56b.html
Xerox VersaLink C7000,,Lazer,Renkli,,https://www.epey.com/yazici/xerox-versalink-c7000.html
Canon Pixma iP2700,,Mürekkepli,Renkli,,https://www.epey.com/yazici/canon-pixma-ip2700.html
Canon MAXIFY MB2155,,Mürekkepli,Renkli,,https://www.epey.com/yazici/canon-maxify-mb2155.html
Canon PIXMA MG3550,,Mürekkepli,Renkli,,https://www.epey.com/yazici/canon-pixma-mg3550.html
Panasonic DP-MB310TK,,Lazer,Siyah,,https://www.epey.com/yazici/panasonic-dp-mb310tk.html
Epson WorkForce Pro WF-C869RDTWF,,Mürekkepli,Renkli,,https://www.epey.com/yazici/epson-workforce-pro-wf-c869rdtwf.html
Epson WorkForce Pro WF-C5210DW,,Mürekkepli,Renkli,,https://www.epey.com/yazici/epson-workforce-pro-wf-c5210dw.html
OKI C833N,,Lazer,Renkli,,https://www.epey.com/yazici/oki-c833n.html
Ricoh SP 277NwX,,Lazer,Siyah,,https://www.epey.com/yazici/ricoh-sp-277nwx.html
Xerox WorkCentre 4260,,Lazer,Siyah,,https://www.epey.com/yazici/xerox-workcentre-4260.html
Samsung ProXpress C3060FR,,Lazer,Renkli,,https://www.epey.com/yazici/samsung-proxpress-c3060fr.html
Kyocera P2035D,,Lazer,Siyah,,https://www.epey.com/yazici/kyocera-p2035d.html
HP LaserJet Enterprise M607n,,Lazer,Siyah,,https://www.epey.com/yazici/hp-laserjet-enterprise-m607n-k0q14a.html
HP LaserJet Pro M125A,,Lazer,Siyah,,https://www.epey.com/yazici/hp-laserjet-pro-m125a-cz172a.html
Canon Pixma MG2550,,Mürekkepli,Renkli,,https://www.epey.com/yazici/canon-pixma-mg2550.html
Xerox VersaLink B605V/X,,Lazer,Siyah,,https://www.epey.com/yazici/xerox-versalink-b605v-x.html
Canon PIXMA TS8150,,Mürekkepli,Renkli,,https://www.epey.com/yazici/canon-pixma-ts8150.html
Kyocera FS-1040,,Lazer,Siyah,,https://www.epey.com/yazici/kyocera-fs-1040.html
HP LaserJet Enterprise M608DN,,Lazer,Siyah,,https://www.epey.com/yazici/hp-laserjet-enterprise-m608dn.html
Epson WorkForce Pro,,Lazer,Siyah,,https://www.epey.com/yazici/epson-wf-m5690dwf.html
Lexmark MS 811DN,,Lazer,Siyah,,https://www.epey.com/yazici/lexmark-ms-811dn.html
HP Sprocket Plus (2FR85A),,ZINK,Renkli,,https://www.epey.com/yazici/hp-sprocket-plus-2fr85a.html
HP LaserJet Enterprise M631dn,,Lazer,Siyah,,https://www.epey.com/yazici/hp-laserjet-enterprise-m631dn-j8j63a.html
Epson WorkForce Pro WF-C5710DWF,,Mürekkepli,Renkli,,https://www.epey.com/yazici/epson-workforce-pro-wf-c5710dwf.html
OKI C612DN 46551002,,Lazer,Renkli,,https://www.epey.com/yazici/oki-c612dn-46551002.html
Epson WorkForce Pro WF-C869RD3TWFC,,Mürekkepli,Renkli,,https://www.epey.com/yazici/epson-workforce-pro-wf-c869rd3twfc.html
Canon PIXMA TS6151,,Mürekkepli,Renkli,,https://www.epey.com/yazici/canon-pixma-ts6151.html
Canon PIXMA TS6150,,Mürekkepli,Renkli,,https://www.epey.com/yazici/canon-pixma-ts6150.html
Canon PIXMA TR7550,,Mürekkepli,Renkli,,https://www.epey.com/yazici/canon-pixma-tr7550.html
Canon MAXIFY MB2750,,Mürekkepli,Renkli,,https://www.epey.com/yazici/canon-maxify-mb2750.html
HP LaserJet Enterprise M630Z,,Lazer,Siyah,,https://www.epey.com/yazici/hp-laserjet-enterprise-m630z.html
Canon Pixma MG3053,,Mürekkepli,Renkli,,https://www.epey.com/yazici/canon-pixma-mg3053.html
Canon Pixma MG3052,,Mürekkepli,Renkli,,https://www.epey.com/yazici/canon-pixma-mg3052.html
Canon Pixma MG3051,,Mürekkepli,Renkli,,https://www.epey.com/yazici/canon-pixma-mg3051.html
Canon Pixma MG3050,,Mürekkepli,Renkli,,https://www.epey.com/yazici/canon-pixma-mg3050.html
Ricoh SP 220SNW,,Lazer,Siyah,,https://www.epey.com/yazici/ricoh-sp-220snw.html
Brother DCP-T510W,,Mürekkepli,Renkli,,https://www.epey.com/yazici/brother-dcp-t510w.html
Brother MFC-T810W,,Mürekkepli,Renkli,,https://www.epey.com/yazici/brother-mfc-t810w.html
Brother MFC-T910DW,,Mürekkepli,Renkli,,https://www.epey.com/yazici/brother-mfc-t910dw.html
HP LaserJet Enterprise M609DN,,Lazer,Siyah,,https://www.epey.com/yazici/hp-laserjet-enterprise-m609dn-k0q21a.html
Canon LBP212dw,,Lazer,Siyah,,https://www.epey.com/yazici/canon-lbp212dw.html
Canon i-SENSYS MF421dw,,Lazer,Siyah,,https://www.epey.com/yazici/canon-i-sensys-mf421dw.html
Canon PIXMA G3410,,Mürekkepli,Renkli,,https://www.epey.com/yazici/canon-pixma-g3410.html
Canon PIXMA G2410,,Mürekkepli,Renkli,,https://www.epey.com/yazici/canon-pixma-g2410.html
Canon Pixma G1410,,Mürekkepli,Renkli,,https://www.epey.com/yazici/canon-pixma-g1410.html
Ricoh SP 220NW,,Lazer,Siyah,,https://www.epey.com/yazici/ricoh-sp-220nw.html
Canon Pixma MX535,,Mürekkepli,Renkli,,https://www.epey.com/yazici/canon-pixma-mx535.html
Canon PIXMA MG3650,,Mürekkepli,Renkli,,https://www.epey.com/yazici/canon-pixma-mg3650.html
HP DeskJet 3639,,Mürekkepli,Renkli,,https://www.epey.com/yazici/hp-deskjet-3639.html
HP LaserJet Pro M570dn,,Lazer,Renkli,,https://www.epey.com/yazici/hp-laserjet-pro-m570dn.html
HP LaserJet Enterprise MFP M775f,,Lazer,Renkli,,https://www.epey.com/yazici/hp-laserjet-enterprise-mfp-m775f.html
Canon i-SENSYS MF735Cx,,Lazer,Renkli,,https://www.epey.com/yazici/canon-i-sensys-mf735cx.html
Canon i-SENSYS MF732Cdw,,Lazer,Renkli,,https://www.epey.com/yazici/canon-i-sensys-mf732cdw.html
Canon I-SENSYS LBP7680CX,,Lazer,Renkli,,https://www.epey.com/yazici/canon-i-sensys-lbp7680cx.html
Canon i-SENSYS MF631Cn,,Lazer,Renkli,,https://www.epey.com/yazici/canon-i-sensys-mf631cn.html
Canon i-Sensys LBP613CDW,,Lazer,Renkli,,https://www.epey.com/yazici/canon-i-sensys-lbp613cdw.html
HP Color LaserJet Enterprise M652DN,,Lazer,Renkli,,https://www.epey.com/yazici/hp-color-laserjet-enterprise-m652dn.html
Canon I-SENSYS LBP312X,,Lazer,Siyah,,https://www.epey.com/yazici/canon-i-sensys-lbp312x.html
Brother MFC-9330CDW,,Lazer,Renkli,,https://www.epey.com/yazici/brother-mfc-9330cdw.html
Canon I-SENSYS LBP7660CDN,,Lazer,Renkli,,https://www.epey.com/yazici/canon-i-sensys-lbp7660cdn.html
Samsung SL-C480FW,,Lazer,Renkli,,https://www.epey.com/yazici/samsung-sl-c480fw.html
RICOH SP 325SFNw,,Lazer,Siyah,,https://www.epey.com/yazici/ricoh-sp-325sfnw.html
Ricoh SP-220SFNW,,Lazer,Renkli,,https://www.epey.com/yazici/ricoh-sp-220sfnw.html
Ricoh SP-325DNW,,Lazer,Siyah,,https://www.epey.com/yazici/ricoh-sp-325dnw.html
OKI C833DN,,Lazer,Renkli,,https://www.epey.com/yazici/oki-c833dn.html
Lexmark MS510dn,,Lazer,Siyah,,https://www.epey.com/yazici/lexmark-ms510dn.html
HP Color LaserJet Enterprise M750dn,,Lazer,Renkli,,https://www.epey.com/yazici/hp-color-laserjet-enterprise-m750dn.html
HP LaserJet P4014n,,Lazer,Siyah,,https://www.epey.com/yazici/hp-laserjet-p4014n.html
HP LaserJet Enterprise M712dn,,Lazer,Siyah,,https://www.epey.com/yazici/hp-laserjet-enterprise-m712dn-cf236a.html
HP Color LaserJet Pro M274n,,Lazer,Renkli,,https://www.epey.com/yazici/hp-color-laserjet-pro-m274n.html
HP Color LaserJet Enterprise M553dn,,Lazer,Renkli,,https://www.epey.com/yazici/hp-color-laserjet-enterprise-m553dn.html
Ricoh SP 212w,,Lazer,Siyah,,https://www.epey.com/yazici/ricoh-sp-212w.html
OKI Pro7411WT,,Lazer,Renkli (Beyaz Dahil),,https://www.epey.com/yazici/oki-pro7411wt.html
Samsung ProXpress M4070FX,,Lazer,Siyah,,https://www.epey.com/yazici/samsung-proxpress-m4070fx.html
Samsung ML-4510ND,,Lazer,Siyah,,https://www.epey.com/yazici/samsung-ml-4510nd.html
Lexmark MS415dn,,Lazer,Siyah,,https://www.epey.com/yazici/lexmark-ms415dn.html
Lexmark CX417de,,Lazer,Renkli,,https://www.epey.com/yazici/lexmark-cx417de.html
Lexmark CX317dn,,Lazer,Renkli,,https://www.epey.com/yazici/lexmark-cx317dn.html
Lexmark CS417dn,,Lazer,Renkli,,https://www.epey.com/yazici/lexmark-cs417dn.html
Lexmark MX417de,,Lazer,Siyah,,https://www.epey.com/yazici/lexmark-mx417de.html
HP Color LaserJet Enterprise M880z,,Lazer,Renkli,,https://www.epey.com/yazici/hp-color-laserjet-enterprise-m880z.html
HP LaserJet M436dn (2KY38A),,Lazer,Siyah,,https://www.epey.com/yazici/hp-laserjet-m436dn.html
Epson EcoTank ITS L3070,,Mürekkepli,Renkli,,https://www.epey.com/yazici/epson-ecotank-its-l3070.html
Epson EcoTank ITS L4160,,Mürekkepli,Renkli,,https://www.epey.com/yazici/epson-ecotank-its-l4160.html
HP Deskjet Ink Advantage 3788 (T8W49C),,Mürekkepli,Renkli,,https://www.epey.com/yazici/hp-deskjet-ink-advantage-3788-t8w49c.html
HP DeskJet 2630 (V1N03B),,Mürekkepli,Renkli,,https://www.epey.com/yazici/hp-deskjet-2630-v1n03b.html
HP DeskJet 2632,,Mürekkepli,Renkli,,https://www.epey.com/yazici/hp-deskjet-2632-V1N05B.html
HP Color LaserJet Enterprise M577dn,,Lazer,Renkli,,https://www.epey.com/yazici/hp-color-laserjet-enterprise-m577dn-b5l46a.html
HP Color LaserJet Enterprise M577f,,Lazer,Renkli,,https://www.epey.com/yazici/hp-color-laserjet-enterprise-m577f-b5l47a.html
HP LaserJet Enterprise M607DN (K0Q15A),,Lazer,Siyah,,https://www.epey.com/yazici/hp-laserjet-enterprise-m607dn-k0q15a.html
HP DeskJet Ink Advantage 5275,,Mürekkepli,Renkli,,https://www.epey.com/yazici/hp-deskjet-ink-advantage-5275-m2u76c.html
OKI ES5432dn,,Lazer,Renkli,,https://www.epey.com/yazici/oki-es5432dn.html
OKI C532DN,,Lazer,Renkli,,https://www.epey.com/yazici/oki-c532dn.html
HP Color LaserJet Pro M281fdn,,Lazer,Renkli,,https://www.epey.com/yazici/hp-color-laserjet-pro-m281fdn-t6b81a.html
HP Deskjet 2620,,Mürekkepli,Renkli,,https://www.epey.com/yazici/hp-deskjet-ink-advantage-2620.html
HP Color LaserJet Pro MFP M280nw,,Lazer,Renkli,,https://www.epey.com/yazici/hp-color-laserjet-pro-mfp-m280nw-t6b80a.html
HP LaserJet Enterprise M725F,,Lazer,Siyah,,https://www.epey.com/yazici/hp-laserjet-enterprise-m725f.html
HP Color LaserJet Enterprise M653DN,,Lazer,Renkli,,https://www.epey.com/yazici/hp-color-laserjet-enterprise-m653dn.html
HP Color LaserJet Enterprise M681f,,Lazer,Renkli,,https://www.epey.com/yazici/hp-color-laserjet-enterprise-m681f-j8a11a.html
Epson EcoTank ITS L4150,,Mürekkepli,Renkli,,https://www.epey.com/yazici/epson-ecotank-its-l4150.html
Epson EcoTank ITS L3050,,Mürekkepli,Renkli,,https://www.epey.com/yazici/epson-ecotank-its-l3050.html
Epson EcoTank ITS L3060,,Mürekkepli,Renkli,,https://www.epey.com/yazici/epson-ecotank-its-l3060.html
Epson EcoTank ITS L6190,,Mürekkepli,Renkli,,https://www.epey.com/yazici/epson-ecotank-its-l6190.html
HP LaserJet M436nda,,Lazer,Siyah,,https://www.epey.com/yazici/hp-laserjet-m436nda.html
HP Color LaserJet Pro M180n,,Lazer,Renkli,,https://www.epey.com/yazici/hp-color-laserjet-pro-m180n-T6B70A.html
HP Color LaserJet Pro MFP M181fw,,Lazer,Renkli,,https://www.epey.com/yazici/hp-color-laserjet-pro-mfp-m181fw-t6b71a.html
HP LaserJet M436n (W7U01A),,Lazer,Siyah,,https://www.epey.com/yazici/hp-laserjet-m436n-w7u01a.html
HP DeskJet Ink Advantage 5075,,Mürekkepli,Renkli,,https://www.epey.com/yazici/hp-deskjet-ink-advantage-5075.html
HP Color LaserJet Pro M281fdw,,Lazer,Renkli,,https://www.epey.com/yazici/hp-color-laserjet-pro-m281fdw-t6b82a.html
HP Color LaserJet Pro M254dw,,Lazer,Renkli,,https://www.epey.com/yazici/hp-color-laserjet-pro-m254dw-t6b60a.html
Lexmark MX317dn,,Lazer,Siyah,,https://www.epey.com/yazici/lexmark-mx317dn.html
Lexmark MS417dn,,Lazer,Siyah,,https://www.epey.com/yazici/lexmark-ms417dn.html
Lexmark CS317dn,,Lazer,Renkli,,https://www.epey.com/yazici/lexmark-cs317dn.html
Canon imageRUNNER C1225iF,,Lazer,Renkli,,https://www.epey.com/yazici/canon-imagerunner-c1225if.html
Canon i-SENSYS MF635Cx,,Lazer,Renkli,,https://www.epey.com/yazici/canon-i-sensys-mf635cx.html
HP DeskJet Ink Advantage 3787,,Mürekkepli,Renkli,,https://www.epey.com/yazici/hp-deskjet-ink-advantage-3787.html
Xerox WorkCentre 3325,,Lazer,Siyah,,https://www.epey.com/yazici/xerox-workcentre-3325.html
Samsung ProXpress M4530ND,,Lazer,Siyah,,https://www.epey.com/yazici/samsung-proxpress-m4530nd.html
OKI MC562dnw,,Lazer,Renkli,,https://www.epey.com/yazici/oki-mc562dnw.html
RICOH SP 150w,,Lazer,Siyah,,https://www.epey.com/yazici/ricoh-sp-150w.html
HP LaserJet Pro M402dw,,Lazer,Siyah,,https://www.epey.com/yazici/hp-laserjet-pro-m402dw.html
HP Color LaserJet Enterprise CP4025n,,Lazer,Renkli,,https://www.epey.com/yazici/hp-color-laserjet-enterprise-cp4025n.html
OKI B840DN,,Lazer,Siyah,,https://www.epey.com/yazici/oki-b840dn.html
Xerox ColorQube 8900,,Lazer,Renkli,,https://www.epey.com/yazici/xerox-colorqube-8900.html
HP Color LaserJet Pro M377dw,,Lazer,Renkli,,https://www.epey.com/yazici/hp-color-laserjet-pro-m377dw.html
HP LaserJet Enterprise M605dn,,Lazer,Siyah,,https://www.epey.com/yazici/hp-laserjet-enterprise-m605dn.html
Canon PIXMA MG5650,,Mürekkepli,Renkli,,https://www.epey.com/yazici/canon-pixma-mg5650.html
RICOH SP 100,,Lazer,Siyah,,https://www.epey.com/yazici/ricoh-sp-100.html
OKI B431dn,,Lazer,Siyah,,https://www.epey.com/yazici/oki-b431dn.html
HP LaserJet Pro M521dn,,Lazer,Siyah,,https://www.epey.com/yazici/hp-laserjet-pro-m521dn.html
HP LaserJet Enterprise P3015dn,,Lazer,Siyah,,https://www.epey.com/yazici/hp-laserjet-enterprise-p3015dn.html
HP LaserJet Pro M570dw,,Lazer,Renkli,,https://www.epey.com/yazici/hp-laserjet-pro-m570dw.html
HP Color LaserJet Pro M252n,,Lazer,Renkli,,https://www.epey.com/yazici/hp-color-laserjet-pro-m252n.html
Xerox WorkCentre 6605,,Lazer,Renkli,,https://www.epey.com/yazici/xerox-workcentre-6605v-dn.html
Xerox WorkCentre 5022,,Lazer,Siyah,,https://www.epey.com/yazici/xerox-workcentre-5022.html
Xerox Phaser 6700,,Lazer,Renkli,,https://www.epey.com/yazici/xerox-phaser-6700v-dn.html
Xerox Phaser 7500,,Lazer,Renkli,,https://www.epey.com/yazici/xerox-phaser-7500v-dn.html
Xerox Phaser 6600,,Lazer,Renkli,,https://www.epey.com/yazici/xerox-phaser-6600v-dn.html
Xerox Phaser 6000,,Lazer,Renkli,,https://www.epey.com/yazici/xerox-phaser-6000v-b.html
Xerox Phaser 5550,,Lazer,Siyah,,https://www.epey.com/yazici/xerox-phaser-5550n.html
Canon i-SENSYS FAX-L150,,Lazer,Siyah,,https://www.epey.com/yazici/canon-i-sensys-fax-l150.html
Canon PIXMA MG5751,,Mürekkepli,Renkli,,https://www.epey.com/yazici/canon-pixma-mg5751.html
Canon PIXMA E404,,Mürekkepli,Renkli,,https://www.epey.com/yazici/canon-pixma-e404.html
Canon PIXMA MG6450,,Mürekkepli,Renkli,,https://www.epey.com/yazici/canon-pixma-mg6450.html
Canon PIXMA MG6850,,Mürekkepli,Renkli,,https://www.epey.com/yazici/canon-pixma-mg6850.html
OKI C612N,,Lazer,Renkli,,https://www.epey.com/yazici/oki-c612n.html
Xerox WorkCentre 6515,,Lazer,Renkli,,https://www.epey.com/yazici/xerox-workcentre-6515v-dn.html
Xerox WorkCentre 6025,,Lazer,Renkli,,https://www.epey.com/yazici/xerox-workcentre-6025.html
Xerox WorkCentre 6015,,Lazer,Renkli,,https://www.epey.com/yazici/xerox-workcentre-6015v-n.html
Xerox WorkCentre 3655,,Lazer,Siyah,,https://www.epey.com/yazici/xerox-workcentre-3655v-x.html
Xerox Phaser 3320,,Lazer,Siyah,,https://www.epey.com/yazici/xerox-phaser-3320.html
HP LaserJet Pro M426fdw,,Lazer,Siyah,,https://www.epey.com/yazici/hp-laserjet-pro-m426fdw.html
HP Color LaserJet Professional CP5225dn,,Lazer,Renkli,,https://www.epey.com/yazici/hp-color-laserjet-professional-cp5225dn.html
HP LaserJet Enterprise M604n,,Lazer,Siyah,,https://www.epey.com/yazici/hp-laserjet-enterprise-m604n.html
HP LaserJet Enterprise M604dn,,Lazer,Siyah,,https://www.epey.com/yazici/hp-laserjet-enterprise-m604dn.html
HP LaserJet Enterprise M506x,,Lazer,Siyah,,https://www.epey.com/yazici/hp-laserjet-enterprise-m506x.html
HP LaserJet Enterprise M527f,,Lazer,Siyah,,https://www.epey.com/yazici/hp-laserjet-enterprise-m527f.html
HP Color LaserJet Enterprise M750n,,Lazer,Renkli,,https://www.epey.com/yazici/hp-color-laserjet-enterprise-m750n.html
HP Color LaserJet Enterprise M680f,,Lazer,Renkli,,https://www.epey.com/yazici/hp-color-laserjet-enterprise-m680f.html
Epson EcoTank L300,,Mürekkepli,Renkli,,https://www.epey.com/yazici/epson-ecotank-l300.html
HP OfficeJet 252,,Mürekkepli,Renkli,,https://www.epey.com/yazici/hp-officejet-252.html
HP OfficeJet Pro 6970,,Mürekkepli,Renkli,,https://www.epey.com/yazici/hp-officejet-pro-6970.html
HP LaserJet Pro M501n,,Lazer,Siyah,,https://www.epey.com/yazici/hp-laserjet-pro-m501n.html
HP LaserJet Enterprise M806x+,,Lazer,Siyah,,https://www.epey.com/yazici/hp-laserjet-enterprise-m806xplus.html
HP LaserJet Enterprise M775dn,,Lazer,Renkli,,https://www.epey.com/yazici/hp-laserjet-enterprise-m775dn.html
Samsung Xpress C430W,,Lazer,Renkli,,https://www.epey.com/yazici/samsung-xpress-c430w.html
Samsung SCX-5835FN,,Lazer,Siyah,,https://www.epey.com/yazici/samsung-scx-5835fn.html
Samsung CLX-4195FN,,Lazer,Renkli,,https://www.epey.com/yazici/samsung-clx-4195fn.html
Samsung Xpress C1810W,,Lazer,Renkli,,https://www.epey.com/yazici/samsung-xpress-c1810w.html
Samsung Xpress C480W,,Lazer,Renkli,,https://www.epey.com/yazici/samsung-xpress-c480w.html
Xerox Phaser 3260,,Lazer,Siyah,,https://www.epey.com/yazici/xerox-phaser-3260v-dni.html
Samsung CLP-775ND,,Lazer,Renkli,,https://www.epey.com/yazici/samsung-clp-775nd.html
RICOH SP 150SUw,,Lazer,Siyah,,https://www.epey.com/yazici/ricoh-sp-150suw.html
Xerox WorkCentre 5021,,Lazer,Siyah,,https://www.epey.com/yazici/xerox-workcentre-5021v-b.html
Xerox WorkCentre 6655,,Lazer,Renkli,,https://www.epey.com/yazici/xerox-workcentre-6655.html
HP LaserJet Enterprise M712xh,,Lazer,Siyah,,https://www.epey.com/yazici/hp-laserjet-enterprise-m712xh.html
HP LaserJet Enterprise M603xh,,Lazer,Siyah,,https://www.epey.com/yazici/hp-laserjet-enterprise-m603xh.html
HP LaserJet Enterprise M527dn,,Lazer,Siyah,,https://www.epey.com/yazici/hp-laserjet-enterprise-m527dn.html
HP LaserJet Enterprise M506dn,,Lazer,Siyah,,https://www.epey.com/yazici/hp-laserjet-enterprise-m506dn.html
HP Color LaserJet Enterprise M651n,,Lazer,Renkli,,https://www.epey.com/yazici/hp-color-laserjet-enterprise-m651n.html
HP LaserJet Enterprise M605n,,Lazer,Siyah,,https://www.epey.com/yazici/hp-laserjet-enterprise-m605n.html
HP DeskJet Ink Advantage 3785,,Mürekkepli,Renkli,,https://www.epey.com/yazici/hp-deskjet-ink-advantage-3785.html
HP DeskJet Ink Advantage 3775,,Mürekkepli,Renkli,,https://www.epey.com/yazici/hp-deskjet-ink-advantage-3775.html
HP OfficeJet Pro 8730,,Mürekkepli,Renkli,,https://www.epey.com/yazici/hp-officejet-pro-8730.html
HP Color LaserJet CP6015n,,Lazer,Renkli,,https://www.epey.com/yazici/hp-color-laserjet-cp6015n.html
Epson WorkForce Pro WF-R5190DTW,,Mürekkepli,Renkli,,https://www.epey.com/yazici/epson-workforce-pro-wf-r5190dtw.html
Canon PIXMA MX925,,Mürekkepli,Renkli,,https://www.epey.com/yazici/canon-pixma-mx925.html
Brother MFC-J2320,,Mürekkepli,Renkli,,https://www.epey.com/yazici/brother-mfc-j2320.html
HP Color LaserJet Enterprise CP4025dn,,Lazer,Renkli,,https://www.epey.com/yazici/hp-color-laserjet-enterprise-cp4025dn.html
HP Officejet Enterprise X585f,,Mürekkepli,Renkli,,https://www.epey.com/yazici/hp-officejet-enterprise-x585f.html
HP DeskJet GT 5820,,Mürekkepli,Renkli,,https://www.epey.com/yazici/hp-deskjet-gt-5820.html
Brother MFC L8600CDW,,Lazer,Renkli,,https://www.epey.com/yazici/brother-mfc-l8600cdw.html
Canon Selphy CP1000,,Mürekkepli,Renkli,,https://www.epey.com/yazici/canon-selphy-cp1000.html
Brother HL-3150CDN,,Lazer,Renkli,,https://www.epey.com/yazici/brother-hl-3150cdn.html
Brother DCP-8155DN,,Lazer,Siyah,,https://www.epey.com/yazici/brother-dcp-8155dn.html
Brother MFC 9140CDN,,Lazer,Renkli,,https://www.epey.com/yazici/brother-mfc-9140cdn.html
Brother MFC L2740DW,,Lazer,Siyah,,https://www.epey.com/yazici/brother-mfc-l2740dw.html
Canon i-SENSYS MF419x,,Lazer,Siyah,,https://www.epey.com/yazici/canon-i-sensys-mf419x.html
Canon MF512X,,Lazer,Siyah,,https://www.epey.com/yazici/canon-mf512x.html
Canon i-SENSYS MF728Cdw,,Lazer,Renkli,,https://www.epey.com/yazici/canon-i-sensys-mf728cdw.html
Canon PIXMA iP110,,Mürekkepli,Renkli,,https://www.epey.com/yazici/canon-pixma-ip110.html
OKI MC573dn,,Lazer,Renkli,,https://www.epey.com/yazici/oki-mc573dn.html
OKI C542dn,,Lazer,Renkli,,https://www.epey.com/yazici/oki-c542dn.html
OKI Pro6410 NeonColor,,Lazer,Renkli,,https://www.epey.com/yazici/oki-pro6410-neoncolor.html
Epson WorkForce Pro 8590D3TWFC,,Mürekkepli,Renkli,,https://www.epey.com/yazici/epson-workforce-pro-8590d3twfc.html
Epson WorkForce Pro 8090 D3TWC,,Mürekkepli,Renkli,,https://www.epey.com/yazici/epson-workforce-pro-8090-d3twc.html
Epson WorkForce Pro 8010DW,,Mürekkepli,Renkli,,https://www.epey.com/yazici/epson-workforce-pro-8010dw.html
Epson WorkForce Pro WF-6590DWF,,Mürekkepli,Renkli,,https://www.epey.com/yazici/epson-workforce-pro-wf-6590dwf.html
Epson WorkForce 7610DWF,,Mürekkepli,Renkli,,https://www.epey.com/yazici/epson-workforce-7610dwf.html
Canon PIXMA TS6050,,Mürekkepli,Renkli,,https://www.epey.com/yazici/canon-pixma-ts6050.html
Canon PIXMA TS8050,,Mürekkepli,Renkli,,https://www.epey.com/yazici/canon-pixma-ts8050.html
Canon i-SENSYS MF418x,,Lazer,Siyah,,https://www.epey.com/yazici/canon-i-sensys-mf418x.html
Canon imageRUNNER 1435iF,,Lazer,Siyah,,https://www.epey.com/yazici/canon-imagerunner-1435if.html
Canon PIXMA PRO-1,,Mürekkepli,Renkli,,https://www.epey.com/yazici/canon-pixma-pro-1.html
Canon PIXMA PRO-100S,,Mürekkepli,Renkli,,https://www.epey.com/yazici/canon-pixma-pro-100s.html
Canon i-SENSYS LBP7210Cdn,,Lazer,Renkli,,https://www.epey.com/yazici/canon-i-sensys-lbp7210cdn.html
OKI C823n,,Lazer,Renkli,,https://www.epey.com/yazici/oki-c823n.html
OKI C911dn,,Lazer,Renkli,,https://www.epey.com/yazici/oki-c911dn.html
Xerox Phaser 7100,,Lazer,Renkli,,https://www.epey.com/yazici/xerox-phaser-7100.html
HP LaserJet Ultra M134a,,Lazer,Siyah,,https://www.epey.com/yazici/hp-laserjet-ultra-m134a.html
HP Color LaserJet Professional CP5225n,,Lazer,Renkli,,https://www.epey.com/yazici/hp-color-laserjet-professional-cp5225n.html
HP Color LaserJet Professional CP5225,,Lazer,Renkli,,https://www.epey.com/yazici/hp-color-laserjet-professional-cp5225.html
HP LaserJet Pro M402dne,,Lazer,Siyah,,https://www.epey.com/yazici/hp-laserjet-pro-m402dne.html
Epson L130,,Mürekkepli,Renkli,,https://www.epey.com/yazici/epson-l130.html
HP OfficeJet 6950,,Mürekkepli,Renkli,,https://www.epey.com/yazici/hp-officejet-6950.html
Canon i-SENSYS MF623Cn,,Lazer,Renkli,,https://www.epey.com/yazici/canon-i-sensys-mf623cn.html
Canon i-SENSYS LBP6780x,,Lazer,Siyah,,https://www.epey.com/yazici/canon-i-sensys-lbp6780x.html
Lexmark MS410d,,Lazer,Siyah,,https://www.epey.com/yazici/lexmark-ms410d.html
Canon i-SENSYS LBP6230dw,,Lazer,Siyah,,https://www.epey.com/yazici/canon-i-sensys-lbp6230dw.html
Canon i-SENSYS MF226dn,,Lazer,Siyah,,https://www.epey.com/yazici/canon-i-sensys-mf226dn.html
Canon i-SENSYS MF411dw,,Lazer,Siyah,,https://www.epey.com/yazici/canon-i-sensys-mf411dw.html
Brother DCP-T300,,Mürekkepli,Renkli,,https://www.epey.com/yazici/brother-dcp-t300.html
Xerox Phaser 6020,,Lazer,Renkli,,https://www.epey.com/yazici/xerox-phaser-6020.html
Xerox Workcentre 3215,,Lazer,Siyah,,https://www.epey.com/yazici/xerox-workcentre-3215.html
HP LaserJet Pro M402dn,,Lazer,Siyah,,https://www.epey.com/yazici/hp-laserjet-pro-m402dn.html
HP Officejet Pro 251dw,,Mürekkepli,Renkli,,https://www.epey.com/yazici/hp-officejet-pro-251dw.html
Pantum P3255DN,,Lazer,Siyah,,https://www.epey.com/yazici/pantum-p3255dn.html
Canon i-SENSYS MF229dw,,Lazer,Siyah,,https://www.epey.com/yazici/canon-i-sensys-mf229dw.html
Canon i-SENSYS MF515x,,Lazer,Siyah,,https://www.epey.com/yazici/canon-i-sensys-mf515x.html
Brother MFC-8910DW,,Lazer,Siyah,,https://www.epey.com/yazici/brother-mfc-8910dw.html
Brother HL-5450DN,,Lazer,Siyah,,https://www.epey.com/yazici/brother-hl-5450dn.html
Samsung ProXpress M3875,,Lazer,Siyah,,https://www.epey.com/yazici/samsung-proxpress-m3875.html
Samsung Xpress M2885FW,,Lazer,Siyah,,https://www.epey.com/yazici/samsung-xpress-m2885fw.html
HP Color LaserJet Pro M477fnw,,Lazer,Renkli,,https://www.epey.com/yazici/hp-color-laserjet-pro-m477fnw.html
HP Color LaserJet Pro M477fdw,,Lazer,Renkli,,https://www.epey.com/yazici/hp-color-laserjet-pro-m477fdw.html
HP Color LaserJet Pro M177fw,,Lazer,Renkli,,https://www.epey.com/yazici/hp-color-laserjet-pro-m177fw.html
HP Color LaserJet Pro M452dn,,Lazer,Renkli,,https://www.epey.com/yazici/hp-color-laserjet-pro-m452dn.html
Canon PIXMA G1400,,Mürekkepli,Renkli,,https://www.epey.com/yazici/canon-pixma-g1400.html
HP LaserJet Pro M102w,,Lazer,Siyah,,https://www.epey.com/yazici/hp-laserjet-pro-m102w.html
Brother DCP-T500W,,Mürekkepli,Renkli,,https://www.epey.com/yazici/brother-dcp-t500w.html
Brother MFC-J200,,Mürekkepli,Renkli,,https://www.epey.com/yazici/brother-mfc-j200.html
Brother MFC-8510DN,,Lazer,Siyah,,https://www.epey.com/yazici/brother-mfc-8510dn.html
Brother MFC-1815,,Lazer,Siyah,,https://www.epey.com/yazici/brother-mfc-1815.html
Brother MFC-1811,,Lazer,Siyah,,https://www.epey.com/yazici/brother-mfc-1811.html
Brother HL-L2365Dw,,Lazer,Siyah,,https://www.epey.com/yazici/brother-hl-l2365dw.html
Brother HL-3170CDW,,Lazer,Renkli,,https://www.epey.com/yazici/brother-hl-3170cdw.html
Brother MFC-T800W,,Mürekkepli,Renkli,,https://www.epey.com/yazici/brother-mfc-t800w.html
Brother MFC-L2700DW,,Lazer,Siyah,,https://www.epey.com/yazici/brother-mfc-l2700dw.html
Canon i-SENSYS MF212w,,Lazer,Siyah,,https://www.epey.com/yazici/canon-i-sensys-mf212w.html
Canon i-SENSYS MF628Cw,,Lazer,Renkli,,https://www.epey.com/yazici/canon-li-sensys-mf628cw.html
Canon i-SENSYS LBP253x,,Lazer,Siyah,,https://www.epey.com/yazici/canon-i-sensys-lbp253x.html
Canon MAXIFY MB5050,,Mürekkepli,Renkli,,https://www.epey.com/yazici/canon-maxify-mb5050.html
Epson EcoTank L655,,Mürekkepli,Renkli,,https://www.epey.com/yazici/epson-ecotank-l655.html
Epson EcoTank L220,,Mürekkepli,Renkli,,https://www.epey.com/yazici/epson-ecotank-l220.html
Canon i-SENSYS MF729Cx,,Lazer,Renkli,,https://www.epey.com/yazici/canon-i-sensys-mf729cx.html
Canon i-SENSYS LBP251dw,,Lazer,Siyah,,https://www.epey.com/yazici/canon-i-sensys-lbp251dw.html
Epson Workforce M100,,Mürekkepli,Siyah,,https://www.epey.com/yazici/epson-workforce-m100.html
Epson WorkForce M105,,Mürekkepli,Siyah,,https://www.epey.com/yazici/epson-workforce-m105.html
HP LaserJet Pro CP1025,,Lazer,Renkli,,https://www.epey.com/yazici/hp-laserjet-pro-cp1025.html
HP Color LaserJet Pro M477fdn,,Lazer,Renkli,,https://www.epey.com/yazici/hp-color-laserjet-pro-m477fdn.html
HP Color LaserJet Enterprise CM4540f,,Lazer,Renkli,,https://www.epey.com/yazici/hp-color-laserjet-enterprise-cm4540f.html
HP OfficeJet Enterprise Color X585dn,,Lazer,Renkli,,https://www.epey.com/yazici/hp-officejet-enterprise-color-x585dn.html
HP LaserJet Pro M435nw,,Lazer,Siyah,,https://www.epey.com/yazici/hp-laserjet-pro-m435nw.html
Epson WorkForce Pro WF-8510DWF,,Mürekkepli,Renkli,,https://www.epey.com/yazici/epson-workforce-pro-wf-8510dwf.html
HP OfficeJet 7612,,Mürekkepli,Renkli,,https://www.epey.com/yazici/hp-officejet-7612.html
HP OfficeJet 7510,,Mürekkepli,Renkli,,https://www.epey.com/yazici/hp-officejet-7510.html
HP OfficeJet 7110,,Mürekkepli,Renkli,,https://www.epey.com/yazici/hp-officejet-7110.html
HP Color LaserJet Pro M277dw,,Lazer,Renkli,,https://www.epey.com/yazici/hp-color-laserjet-pro-m277dw.html
HP LaserJet Pro M125nw,,Lazer,Siyah,,https://www.epey.com/yazici/hp-laserjet-pro-m125nw.html
HP LaserJet Pro M102a,,Lazer,Siyah,,https://www.epey.com/yazici/hp-laserjet-pro-m102a.html
HP PageWide 352dw,,Mürekkepli,Renkli,,https://www.epey.com/yazici/hp-pagewide-352dw.html
HP OfficeJet Pro 8710,,Mürekkepli,Renkli,,https://www.epey.com/yazici/hp-officejet-pro-8710.html
HP Officejet Pro 8610,,Mürekkepli,Renkli,,https://www.epey.com/yazici/hp-officejet-pro-8610.html
HP OfficeJet Pro 6960,,Mürekkepli,Renkli,,https://www.epey.com/yazici/hp-officejet-pro-6960.html
Samsung Xpress M2835DW,,Lazer,Siyah,,https://www.epey.com/yazici/samsung-xpress-m2835dw.html
Samsung Xpress M2020,,Lazer,Siyah,,https://www.epey.com/yazici/samsung-xpress-m2020.html
Samsung ProXpress M4025ND,,Lazer,Siyah,,https://www.epey.com/yazici/samsung-proxpress-m4025nd.html
Samsung CLX-6260FW,,Lazer,Renkli,,https://www.epey.com/yazici/samsung-clx-6260fw.html
Ricoh SP C240DN,,Lazer,Renkli,,https://www.epey.com/yazici/ricoh-spc240dn.html
RICOH SP 311DN,,Lazer,Siyah,,https://www.epey.com/yazici/ricoh-sp-311dn.html
OKI C822dn,,Lazer,Renkli,,https://www.epey.com/yazici/oki-c822dn.html
Lexmark MX510de,,Lazer,Siyah,,https://www.epey.com/yazici/lexmark-mx510de.html
Lexmark MS310d,,Lazer,Siyah,,https://www.epey.com/yazici/lexmark-ms310d.html
Ricoh SP 150,,Lazer,Siyah,,https://www.epey.com/yazici/ricoh-sp-150.html
Samsung Xpress SL-M2070,,Lazer,Siyah,,https://www.epey.com/yazici/samsung-xpress-m2070.html
Canon i-SENSYS LBP7018C,,Lazer,Renkli,,https://www.epey.com/yazici/canon-i-sensys-lbp7018c.html
Canon i-SENSYS LBP7010C,,Lazer,Renkli,,https://www.epey.com/yazici/canon-i-sensys-lbp7010c.html
Canon PIXMA TS9050,,Mürekkepli,Renkli,,https://www.epey.com/yazici/canon-pixma-ts9050.html
Canon PIXMA E464,,Mürekkepli,Renkli,,https://www.epey.com/yazici/canon-pixma-e464.html
Canon i-SENSYS LBP252dw,,Lazer,Siyah,,https://www.epey.com/yazici/canon-i-sensys-lbp252dw.html
Canon PIXMA TS5050,,Mürekkepli,Renkli,,https://www.epey.com/yazici/canon-pixma-ts5050.html
Canon SELPHY CP1200,,Süblimasyon,Renkli,,https://www.epey.com/yazici/canon-selphy-cp1200.html
Canon PIXMA IP7250,,Mürekkepli,Renkli,,https://www.epey.com/yazici/canon-pixma-ip7250.html
Canon PIXMA G4400,,Mürekkepli,Renkli,,https://www.epey.com/yazici/canon-pixma-g4400.html
Epson EcoTank L1455,,Mürekkepli,Renkli,,https://www.epey.com/yazici/epson-ecotank-l1455.html
Epson EcoTank L455,,Mürekkepli,Renkli,,https://www.epey.com/yazici/epson-ecotank-l455.html
Epson EcoTank L386,,Mürekkepli,Renkli,,https://www.epey.com/yazici/epson-ecotank-l386.html
Epson EcoTank L605,,Mürekkepli,Renkli,,https://www.epey.com/yazici/epson-ecotank-l605.html
Epson EcoTank L565,,Mürekkepli,Renkli,,https://www.epey.com/yazici/epson-ecotank-l565.html
Epson EcoTank L486,,Mürekkepli,Renkli,,https://www.epey.com/yazici/epson-ecotank-l486.html
HP DeskJet Ink Advantage 3635,,Mürekkepli,Renkli,,https://www.epey.com/yazici/hp-deskjet-ink-advantage-3635.html
HP DeskJet Ink Advantage 2136,,Mürekkepli,Renkli,,https://www.epey.com/yazici/hp-deskjet-ink-advantage-2136.html
HP DeskJet Ink Advantage 2135,,Mürekkepli,Renkli,,https://www.epey.com/yazici/hp-deskjet-ink-advantage-2135.html
HP Color LaserJet Pro M252dw,,Lazer,Renkli,,https://www.epey.com/yazici/hp-color-laserjet-pro-m252dw.html
HP Color LaserJet Pro M176n,,Lazer,Renkli,,https://www.epey.com/yazici/hp-color-laserjet-pro-m176n.html
HP LaserJet Pro M402n,,Lazer,Siyah,,https://www.epey.com/yazici/hp-laserjet-pro-m402n.html
HP DeskJet Ink Advantage 5575,,Mürekkepli,Renkli,,https://www.epey.com/yazici/hp-deskjet-ink-advantage-5575.html
HP DeskJet Ink Advantage 4675,,Mürekkepli,Renkli,,https://www.epey.com/yazici/hp-deskjet-ink-advantage-4675.html
HP LaserJet Pro M426dw,,Lazer,Siyah,,https://www.epey.com/yazici/hp-laserjet-pro-m426dw.html
HP LaserJet Enterprise M606dn,,Lazer,Siyah,,https://www.epey.com/yazici/hp-laserjet-enterprise-m606dn.html
HP PageWide 377dw,,Mürekkepli,Renkli,,https://www.epey.com/yazici/hp-pagewide-377dw.html
HP LaserJet P2035,,Lazer,Siyah,,https://www.epey.com/yazici/hp-laserjet-p2035.html
HP LaserJet Ultra M106w,,Lazer,Siyah,,https://www.epey.com/yazici/hp-laserjet-ultra-m106w.html
HP LaserJet Pro M521dw,,Lazer,Siyah,,https://www.epey.com/yazici/hp-laserjet-pro-m521dw.html
HP Color LaserJet Pro M277n,,Lazer,Renkli,,https://www.epey.com/yazici/hp-color-laserjet-pro-m277n.html
Samsung Xpress C1860FW,,Lazer,Renkli,,https://www.epey.com/yazici/samsung-xpress-c1860fw.html
Samsung SF-760P,,Lazer,Siyah,,https://www.epey.com/yazici/samsung-sf-760p.html
Xerox WorkCentre 3615,,Lazer,Siyah,,https://www.epey.com/yazici/xerox-workcentre-3615.html
Lexmark MX410de,,Lazer,Siyah,,https://www.epey.com/yazici/lexmark-mx410de.html
Lexmark MX310dn,,Lazer,Siyah,,https://www.epey.com/yazici/lexmark-mx310dn.html
Lexmark MS312dn,,Lazer,Siyah,,https://www.epey.com/yazici/lexmark-ms312dn.html
Lexmark CX310dn,,Lazer,Renkli,,https://www.epey.com/yazici/lexmark-cx310dn.html
OKI C822n,,Lazer,Renkli,,https://www.epey.com/yazici/oki-c822n.html
Lexmark MX511de,,Lazer,Siyah,,https://www.epey.com/yazici/lexmark-mx511de.html
Ricoh SP 212SFNw,,Lazer,Siyah,,https://www.epey.com/yazici/ricoh-sp-212sfnw.html
RicohH SP 150SU,,Lazer,Siyah,,https://www.epey.com/yazici/ricoh-sp-150su.html
Canon PIXMA G2400,,Mürekkepli,Renkli,,https://www.epey.com/yazici/canon-pixma-g2400.html
Samsung Xpress M2825ND,,Lazer,Siyah,,https://www.epey.com/yazici/samsung-xpress-m2825nd.html
Xerox Phaser 6022,,Lazer,Renkli,,https://www.epey.com/yazici/xerox-phaser-6022v-n.html
Samsung Xpress M2875FD,,Lazer,Siyah,,https://www.epey.com/yazici/samsung-xpress-m2875fd.html
Samsung Xpress M2820ND,,Lazer,Siyah,,https://www.epey.com/yazici/samsung-xpress-m2820nd.html
Samsung Xpress M2675FN,,Lazer,Siyah,,https://www.epey.com/yazici/samsung-xpress-m2675fn.html
Samsung Xpress M2675F,,Lazer,Siyah,,https://www.epey.com/yazici/samsung-sl-m2675f.html
Samsung Xpress M2070W,,Lazer,Siyah,,https://www.epey.com/yazici/samsung-xpress-m2070w.html
Xerox Workcentre 6027,,Lazer,Renkli,,https://www.epey.com/yazici/xerox-workcentre-6027.html
Xerox WorkCentre 3225,,Lazer,Siyah,,https://www.epey.com/yazici/xerox-workcentre-3225.html
Canon i-SENSYS MF232w,,Lazer,Siyah,,https://www.epey.com/yazici/canon-i-sensys-mf232w.html
Canon i-SENSYS MF231,,Lazer,Siyah,,https://www.epey.com/yazici/canon-i-sensys-mf231.html
Canon i-SENSYS LBP151dw,,Lazer,Siyah,,https://www.epey.com/yazici/canon-i-sensys-lbp151dw.html
HP LaserJet Enterprise M630dn,,Lazer,Siyah,,https://www.epey.com/yazici/hp-laserjet-enterprise-m630dn.html
OKI C332dn,,Lazer,Renkli,,https://www.epey.com/yazici/oki-c332dn.html
OKI B412Dn,,Lazer,Siyah,,https://www.epey.com/yazici/oki-b412dn.html
HP Color LaserJet Enterprise M651dn,,Lazer,Renkli,,https://www.epey.com/yazici/hp-color-laserjet-enterprise-m651dn.html
HP LaserJet Ultra M134fn,,Lazer,Siyah,,https://www.epey.com/yazici/hp-laserjet-ultra-m134fn.html
Brother HL-L5200DW,,Lazer,Siyah,,https://www.epey.com/yazici/brother-hl-l5200dw.html
Canon i-SENSYS MF244dw,,Lazer,Siyah,,https://www.epey.com/yazici/canon-i-sensys-mf244dw.html
HP LaserJet Pro M227sdn,,Lazer,Siyah,,https://www.epey.com/yazici/hp-laserjet-pro-m227sdn.html
Xerox DocuCentre SC2020,,Lazer,Renkli,,https://www.epey.com/yazici/xerox-docucentre-sc2020v-u.html
Ricoh SP 210,,Lazer,Siyah,,https://www.epey.com/yazici/ricoh-sp-210.html
OKI C301dn,,Lazer,Renkli,,https://www.epey.com/yazici/oki-c301dn.html
Lexmark CS310dn,,Lazer,Renkli,,https://www.epey.com/yazici/lexmark-cs310dn.html
Brother MFC-J3720,,Mürekkepli,Renkli,,https://www.epey.com/yazici/brother-mfc-j3720.html
Epson WorkForce Pro WF-5620DWF,,Mürekkepli,Renkli,,https://www.epey.com/yazici/epson-workforce-pro-wf-5620dwf.html
Epson WorkForce Pro WF-5690DWF,,Mürekkepli,Renkli,,https://www.epey.com/yazici/epson-workforce-pro-wf-5690dwf.html
Epson WorkForce M200,,Mürekkepli,Siyah,,https://www.epey.com/yazici/epson-workforce-m200.html
HP Officejet Pro 6830,,Mürekkepli,Renkli,,https://www.epey.com/yazici/hp-officejet-pro-6830.html
HP DeskJet Ink Advantage 4535,,Mürekkepli,Renkli,,https://www.epey.com/yazici/hp-deskjet-ink-advantage-4535.html
HP DeskJet Ink Advantage 1115,,Mürekkepli,Renkli,,https://www.epey.com/yazici/hp-deskjet-ink-advantage-1115.html
HP LaserJet Pro P1102,,Lazer,Siyah,,https://www.epey.com/yazici/hp-laserjet-pro-p1102.html
Canon MAXIFY iB4150,,Mürekkepli,Renkli,,https://www.epey.com/yazici/canon-maxify-ib4150.html
Samsung Xpress M2070FW,,Lazer,Siyah,,https://www.epey.com/yazici/samsung-xpress-m2070fw.html
Samsung Xpress M2020W,,Lazer,Siyah,,https://www.epey.com/yazici/samsung-xpress-m2020w.html
Samsung Xpress M2070F,,Lazer,Siyah,,https://www.epey.com/yazici/samsung-xpress-m2070f.html
Epson EcoTank L382,,Mürekkepli,Renkli,,https://www.epey.com/yazici/epson-ecotank-l382.html
Lexmark MS622DE,6047.04,Lazer,Siyah,,https://www.epey.com/yazici/lexmark-ms622de.html
HP MFP 432FDN,6832.5,Lazer,Renkli,,https://www.epey.com/yazici/hp-mfp-432fdn.html
HP Color Laserjet Pro M255NW,2715.0,Lazer,Renkli,,https://www.epey.com/yazici/hp-color-laserjet-pro-m255nw.html
Canon LBP663CDW,6960.0,Lazer,Renkli,,https://www.epey.com/yazici/canon-lbp663cdw.html
Lexmark MX321ADW,3500.0,Lazer,Siyah,,https://www.epey.com/yazici/lexmark-mx321adw.html
HP LaserJet Pro 300 M351A,3648.0,Lazer,Renkli,,https://www.epey.com/yazici/hp-laserjet-pro-300-m351a.html
Epson EcoTank ET-2726,5092.0,Mürekkepli,Renkli,,https://www.epey.com/yazici/epson-ecotank-et-2726.html
Brother MFC-J5335DW,,Mürekkepli,Renkli,,https://www.epey.com/yazici/brother-mfc-j5335dw.html
Canon I-Sensys LBP325X,,Lazer,Siyah,,https://www.epey.com/yazici/canon-i-sensys-lbp325x.html
Canon I-Sensys MF520,,Lazer,Siyah,,https://www.epey.com/yazici/canon-i-sensys-mf520.html
Canon LaserBase MF5770,,Lazer,-,,https://www.epey.com/yazici/canon-laserbase-mf5770.html
Canon I-Sensys MF440,,Lazer,Siyah,,https://www.epey.com/yazici/canon-i-sensys-mf440.html
Canon Pixma MG5250,,Mürekkepli,Renkli,,https://www.epey.com/yazici/canon-pixma-mg5250.html
Canon Pixma G7050,,Mürekkepli,Renkli,,https://www.epey.com/yazici/canon-pixma-g7050.html
Canon Pixma G1501,,Mürekkepli,Renkli,,https://www.epey.com/yazici/canon-pixma-g1501.html
Epson EcoTank ET-2850,,Mürekkepli,Renkli,,https://www.epey.com/yazici/epson-ecotank-et-2850.html
Brother MFC-J5330DW,,Mürekkepli,Renkli,,https://www.epey.com/yazici/brother-mfc-j5330dw.html
Brother DCP-L8410CDW,,Lazer,Renkli,,https://www.epey.com/yazici/brother-dcp-l8410cdw.html
Brother DCP-L3550CDW,,Lazer,Renkli,,https://www.epey.com/yazici/brother-dcp-l3550cdw.html
Brother MFC-J6947DW,,Mürekkepli,Renkli,,https://www.epey.com/yazici/brother-mfc-j6947dw.html
Brother MFC-J6530DW,,Mürekkepli,Renkli,,https://www.epey.com/yazici/brother-mfc-j6530dw.html
Brother HL-L8260CDW,,Lazer,Renkli,,https://www.epey.com/yazici/brother-hl-l8260cdw.html
Brother HL-L2310D,,Lazer,Siyah,,https://www.epey.com/yazici/brother-hl-l2310d.html
Brother DCP-L2510D,,Lazer,-,,https://www.epey.com/yazici/brother-dcp-l2510d.html
Brother MFC-J5730DW,,Mürekkepli,Renkli,,https://www.epey.com/yazici/brother-mfc-j5730dw.html
Brother FAX-2845,,Lazer,-,,https://www.epey.com/yazici/brother-fax-2845.html
Brother DCP-J1200W,,Mürekkepli,Renkli,,https://www.epey.com/yazici/brother-dcp-j1200w.html
Brother DCP-1610W,,Lazer,Renkli,,https://www.epey.com/yazici/brother-dcp-1610w.html
Brother DCP-1612W,,Lazer,Renkli,,https://www.epey.com/yazici/brother-dcp-1612w.html
Canon Pixma IP3500,,Mürekkepli,Renkli,,https://www.epey.com/yazici/canon-pixma-ip3500.html
Canon Pixma IP8750,,Mürekkepli,Renkli,,https://www.epey.com/yazici/canon-pixma-ip8750.html
Canon Pixma TS5353,,Mürekkepli,Renkli,,https://www.epey.com/yazici/canon-pixma-ts5353.html
Canon Pixma TS5352,,Mürekkepli,Renkli,,https://www.epey.com/yazici/canon-pixma-ts5352.html
Canon Pixma TS5351,,Mürekkepli,Renkli,,https://www.epey.com/yazici/canon-pixma-ts5351.html
Canon Pixma TS5350,,Mürekkepli,Renkli,,https://www.epey.com/yazici/canon-pixma-ts5350.html
Canon Pixma G1520,,Mürekkepli,Renkli,,https://www.epey.com/yazici/canon-pixma-g1520.html
Canon Pixma TS7450,,Mürekkepli,Renkli,,https://www.epey.com/yazici/canon-pixma-ts7450.html
Canon Pixma TS8352,,Mürekkepli,Renkli,,https://www.epey.com/yazici/canon-pixma-ts8352.html
Canon Pixma TS8351,,Mürekkepli,Renkli,,https://www.epey.com/yazici/canon-pixma-ts8351.html
Canon Pixma TS8350,,Mürekkepli,Renkli,,https://www.epey.com/yazici/canon-pixma-ts8350.html
Canon Pixma G3560,,Mürekkepli,Renkli,,https://www.epey.com/yazici/canon-pixma-g3560.html
Canon ImagePrograf Pro-30,,Mürekkepli,Renkli,,https://www.epey.com/yazici/canon-imageprograf-pro-30.html
Canon Maxify GX7050,,Mürekkepli,Renkli,,https://www.epey.com/yazici/canon-maxify-gx7050.html
Canon Maxify GX-7040,,Mürekkepli,Renkli,,https://www.epey.com/yazici/canon-maxify-gx-7040.html
Canon Pixma TR4550,,Mürekkepli,Renkli,,https://www.epey.com/yazici/canon-pixma-tr4550.html
Canon I-Sensys LBP722CDW,,Lazer,Renkli,,https://www.epey.com/yazici/canon-i-sensys-lbp722cdw.html
Epson Workforce WF-C529RDTW,,Mürekkepli,Renkli,,https://www.epey.com/yazici/epson-workforce-wf-c529rdtw.html
Epson Workforce Pro WF-C579RDTWF,,Mürekkepli,Renkli,,https://www.epey.com/yazici/epson-workforce-pro-wf-c579rdtwf.html
Epson XP-2105,,Mürekkepli,Renkli,,https://www.epey.com/yazici/epson-xp-2105.html
Epson Expression Home XP-4105,,Mürekkepli,Renkli,,https://www.epey.com/yazici/epson-expression-home-xp-4105.html
Epson Expression Home XP-4100,,Mürekkepli,Renkli,,https://www.epey.com/yazici/epson-expression-home-xp-4100.html
Epson Expression Home XP-5105,,Mürekkepli,Renkli,,https://www.epey.com/yazici/epson-expression-home-xp-5105.html
Epson WorkForce WF-2010W,,Mürekkepli,Renkli,,https://www.epey.com/yazici/epson-workforce-wf-2010w.html
Epson EcoTank ET-2711,,Mürekkepli,Renkli,,https://www.epey.com/yazici/epson-ecotank-et-2711.html
Epson EcoTank ET-14000,,Mürekkepli,Renkli,,https://www.epey.com/yazici/epson-ecotank-et-14000.html
Epson Workforce Pro WF M5298DW,,Mürekkepli,Siyah,,https://www.epey.com/yazici/epson-workforce-pro-wf-m5298dw.html
Epson EcoTank ET-7750,,Mürekkepli,Renkli,,https://www.epey.com/yazici/epson-ecotank-et-7750.html
Epson EcoTank L5150,,Mürekkepli,Renkli,,https://www.epey.com/yazici/epson-ecotank-l5150.html
Epson WorkForce WF-7835DTW,,Mürekkepli,Renkli,,https://www.epey.com/yazici/epson-workforce-wf-7835dtw.html
Epson EcoTank ET-3700,,Mürekkepli,Renkli,,https://www.epey.com/yazici/epson-ecotank-et-3700.html
Epson Workforce Pro WF-4820DWF,,Mürekkepli,Renkli,,https://www.epey.com/yazici/epson-workforce-pro-wf-4820dwf.html
Epson WorkForce Pro WF-3820DWF,,Mürekkepli,Renkli,,https://www.epey.com/yazici/epson-workforce-pro-wf-3820dwf.html
Epson Surecolor SC-P900,,Mürekkepli,Renkli,,https://www.epey.com/yazici/epson-surecolor-sc-p900.html
Epson Workforce WF-4825DWF,,Mürekkepli,Renkli,,https://www.epey.com/yazici/epson-workforce-wf-4825dwf.html
Epson WorkForce WF-2840DWF,,Mürekkepli,Renkli,,https://www.epey.com/yazici/epson-workforce-wf-2840dwf.html
Epson Workforce Pro WF‑3825DWF,,Mürekkepli,Renkli,,https://www.epey.com/yazici/epson-workforce-pro-wf3825dwf.html
Epson Workforce WF-2810DWF,,Mürekkepli,Renkli,,https://www.epey.com/yazici/epson-workforce-wf-2810dwf.html
Epson EcoTank L5290,,Mürekkepli,Renkli,,https://www.epey.com/yazici/epson-ecotank-l5290.html
Epson EcoTank ET-2751,,Mürekkepli,Renkli,,https://www.epey.com/yazici/epson-ecotank-et-2751.html
Epson EcoTank ET-2810,,Mürekkepli,Renkli,,https://www.epey.com/yazici/epson-ecotank-et-2810.html
Epson EcoTank ET-7700,,Mürekkepli,Renkli,,https://www.epey.com/yazici/epson-ecotank-et-7700.html
HP Officejet Pro 8500A Plus,,Mürekkepli,Renkli,,https://www.epey.com/yazici/hp-officejet-pro-8500a-plus.html
Xerox C235VDNI,,Lazer,Renkli,,https://www.epey.com/yazici/xerox-c235vdni.html
Canon i-Sensys LBP5050,,Lazer,Renkli,,https://www.epey.com/yazici/canon-i-sensys-lbp5050.html
HP LaserJet Pro CM1415FNW,,Lazer,Renkli,,https://www.epey.com/yazici/hp-laserjet-pro-cm1415fnw.html
Canon I-Sensys MF4150,,Lazer,Siyah,,https://www.epey.com/yazici/canon-i-sensys-mf4150.html
Canon TM-205,,Mürekkepli,Renkli,,https://www.epey.com/yazici/canon-tm-205.html
Lexmark Genesis S815,,Lazer,Renkli,,https://www.epey.com/yazici/lexmark-genesis-s815.html
Epson EcoTank L6460,,Mürekkepli,Renkli,,https://www.epey.com/yazici/epson-ecotank-l6460.html
Canon MP235,,Mürekkepli,Renkli,,https://www.epey.com/yazici/canon-mp235.html
Canon I-Sensys MF3220,,Lazer,Siyah,,https://www.epey.com/yazici/canon-i-sensys-mf3220.html
HP LaserJet P1505N,,Lazer,Siyah,,https://www.epey.com/yazici/hp-laserjet-p1505n.html
Panasonic MB2030,,Lazer,Siyah,,https://www.epey.com/yazici/panasonic-mb2030.html
Oki MB280,,Lazer,Siyah,,https://www.epey.com/yazici/oki-mb280.html
Xerox WorkCentre 3220,,Lazer,Siyah,,https://www.epey.com/yazici/xerox-workcentre-3220.html
Canon I-Sensys LBP6750DN,,Lazer,Siyah,,https://www.epey.com/yazici/canon-i-sensys-lbp6750dn.html
HP Advantage 3515,,Mürekkepli,Renkli,,https://www.epey.com/yazici/hp-advantage-3515.html
Xerox WorkCentre 3045,,Lazer,Siyah,,https://www.epey.com/yazici/xerox-workcentre-3045.html
Epson LX-300 II,,Nokta Vuruşlu,Siyah,,https://www.epey.com/yazici/epson-lx-300-ii.html
Canon Pixma MX515,,Mürekkepli,Renkli,,https://www.epey.com/yazici/canon-pixma-mx515.html
OKI ML5521 Eco,,Nokta Vuruşlu,Siyah,,https://www.epey.com/yazici/oki-ml5521-eco.html
Canon Pixma MP-140,,Mürekkepli,Renkli,,https://www.epey.com/yazici/canon-pixma-mp-140.html
Lexmark E330,,Lazer,Siyah,,https://www.epey.com/yazici/lexmark-e330.html
Lexmark X364DN,,Lazer,Siyah,,https://www.epey.com/yazici/lexmark-x364dn.html
Brother L11160,,Mürekkepli,Renkli,,https://www.epey.com/yazici/brother-l11160.html
Sharp MX-B450P,,Lazer,Siyah,,https://www.epey.com/yazici/sharp-mx-b450p.html
Epson EcoTank L355,,Mürekkepli,Renkli,,https://www.epey.com/yazici/epson-ecotank-l355.html
Jolimark DP 321,,Nokta Vuruşlu,Siyah,,https://www.epey.com/yazici/jolimark-dp-321.html
HP LaserJet Pro P1102W,,Lazer,Siyah,,https://www.epey.com/yazici/hp-laserjet-pro-p1102w.html
OKI ML5521 Elite,,Nokta Vuruşlu,Siyah,,https://www.epey.com/yazici/oki-ml5521-elite.html
Epson EcoTank L550,,Mürekkepli,Renkli,,https://www.epey.com/yazici/epson-ecotank-l550.html
HP MFP M443NDA,,Lazer,Siyah,,https://www.epey.com/yazici/hp-mfp-m443nda.html
Canon Pixma IP100,,Mürekkepli,Renkli,,https://www.epey.com/yazici/canon-pixma-ip100.html
Tally Dascom 2600+,,Nokta Vuruşlu,Siyah,,https://www.epey.com/yazici/tally-dascom-2600-plus.html
OKI ML5791 Eco,,Nokta Vuruşlu,Siyah,,https://www.epey.com/yazici/oki-ml5791-eco.html
OKI ML3410,,Nokta Vuruşlu,Siyah,,https://www.epey.com/yazici/oki-ml3410.html
OKI ML320 Elite,,Nokta Vuruşlu,Siyah,,https://www.epey.com/yazici/oki-ml320-elite.html
OKI ML280 Eco,,Nokta Vuruşlu,Siyah,,https://www.epey.com/yazici/oki-ml280-eco.html
